Sat,Latitudine,Longitudine,
Adalin-SJ,47°0'43.23"N,23°26'11.96"E,
Adămești-TL,,,
Agaş-BC,46°28'52.65"N,26°13'42.19"E,
Agăș-BC,46°28'52.65"N,26°13'42.19"E,
Agrieş-BN,47°23'59.93"N,24°8'1.13"E,
Agriș-CJ,46°35'37.83"N,23°31'15.72"E,
Agrişul de Sus-BN,47°9'3.32"N,24°13'42.27"E,
Aiton-CJ,46°40'58.33"N,23°44'16.28"E,
Aiudul de sus-AB,46°19'21.91"N,23°40'59.85"E,
Alba Iulia-AB,46°4'13.03"N,23°33'59.13"E,
Albc-AB,46°26'54.89"N,22°57'49.36"E,
Albeşti-AG,45°12'54.58"N,24°40'0.78"E,
Alioş-TM,46°2'15.38"N,21°29'23.50"E,
Almăș Săliște Ilia-HD,46°3'33.95"N,22°31'10.80"E,
Almașel-HD,46°5'43.79"N,22°26'15.55"E,
Almașu Mic de Munte-HD,46°3'20.48"N,23°4'50.30"E,
Alparea-BH,47°1'49.19"N,22°2'47.35"E,
Alun-HD,45°42'22.14"N,22°41'4.28"E,
Alunișu-CJ,46°49'54.22"N,22°56'31.06"E,
Alunişul-BN,47°23'28.81"N,24°16'39.18"E,
Amărăştii de Jos-DJ,43°57'17.73"N,24°9'59.18"E,
Ampoița-AB,46°7'3.36"N,23°27'0.36"E,
Antonesti,,44°7'5.45"N,25°10'55.02"E,
Apa Asau-BC,46°29'44.38"N,26°22'26.01"E,
Apahida-CJ,46°48'17.63"N,23°45'7.17"E,
Arbore-SV,47°43'52.89"N,25°55'25.43"E,
Arborea-BT,48°3'12.92"N,26°30'51.57"E,
Ardeova-CJ,46°47'42.82"N,23°6'17.78"E,
Ardeu-HD,46°1'19.40"N,23°8'35.99"E,
Ariciu/Salcia Tudor-BR,45°22'18.67"N,27°30'56.44"E,
Arini-BV,45°53'12.84"N,25°33'51.58"E,
Armeniş-CS,45°12'32.01"N,22°18'36.20"E,
Arpașu de Jos-SB,45°46'42.64"N,24°37'9.83"E,
Arpaşu de Sus-SB,45°43'52.75"N,24°37'6.02"E,
Asău-BC,46°26'16.20"N,26°24'3.46"E,
Aștileu-BH,47°1'42.58"N,22°23'30.51"E,
Aușeu-BH,47°2'9.48"N,22°29'39.82"E,
Bacău-BC,46°34'9.50"N,26°54'39.38"E,
Baciu-CJ,46°47'32.80"N,23°31'29.85"E,
Bădeşti-CJ,46°58'12.04"N,23°38'11.93"E,
Bădeuţi-SV,47°48'9.61"N,25°58'57.70"E,
Băhnășeni-BC,46°34'25.30"N,26°34'58.74"E,
Baia de Criş-HD,46°10'22.86"N,22°42'54.56"E,
Baia de Aramă-MH,44°59'59.98"N,22°48'39.79"E,
Baia-HD,,,
Baiaşeşti-SV,,,
Băiceni-Cucteni-IS,47°17'49.17"N,26°54'55.87"E,
Băiceni-Cucuteni-IS,47°17'49.17"N,26°54'55.87"E,
Băicoi-PH,45°2'6.57"N,25°51'9.14"E,
Băișoru de Jos-CS,,,
Băiţa-HD,46°1'49.96"N,22°53'32.41"E,
Bala-MS,46°42'47.57"N,24°29'49.64"E,
Bălceşti-CJ,46°40'26.58"N,23°0'6.42"E,
Baldovin-HD,46°12'35.27"N,22°42'56.02"E,
Băleşti-GJ,45°1'8.40"N,23°12'40.65"E,
Balinţ-TM,45°48'44.03"N,21°51'28.83"E,
Balomir-HD,45°35'11.76"N,22°59'47.98"E,
Balşa-HD,46°1'42.32"N,23°5'59.42"E,
Balșa/Posmuș-HD,,,
Balşea-HD,46°1'42.32"N,23°5'59.42"E,
Bălteşti-PH,45°6'33.81"N,26°7'47.26"E,
Băltişoara/Runcu-GJ,45°7'8.96"N,23°7'4.27"E,
Bănia-CS,44°52'36.83"N,22°2'37.31"E,
Banloc-TM,45°23'13.16"N,21°8'11.25"E,
Bărbăteşti-VL,45°10'7.72"N,24°7'5.99"E,
Bârleşti-AB,46°15'43.96"N,23°17'7.53"E,
Bârsana-MM,47°49'10.16"N,24°3'8.29"E,
Bârseşti-VN,45°54'35.11"N,26°44'14.63"E,
Baru-HD,45°28'12.48"N,23°9'56.16"E,
Basarabasa-HD,46°11'32.98"N,22°35'9.23"E,
Băseşti-MM,47°28'55.15"N,23°8'43.55"E,
Bata-AR,46°1'0.79"N,22°2'9.03"E,
Batin-CJ,47°4'15.75"N,24°3'31.51"E,
Bătrâna-HD,45°47'33.36"N,22°35'5.94"E,
Bătrîna-HD,45°47'33.36"N,22°35'5.94"E,
Bătrâni/Teleajen-PH,45°18'54.45"N,26°8'47.04"E,
Bedeciu-CJ,46°47'40.67"N,23°7'56.23"E,
Beibugeag-TL,,,
Beica-MS,,,
Beiuş-BH,46°40'4.22"N,22°20'56.98"E,
Beleşti-AG,,,
Belin-BH,,,
Belini,,,
Belinţ-TM,45°44'57.91"N,21°46'2.41"E,
Belotinţ-AR,46°4'34.93"N,21°56'11.23"E,
Benești-BH,,,
Benic-AB,46°12'41.37"N,23°35'20.96"E,
Berbești-MM,47°50'55.99"N,23°55'58.03"E,
Berchişeşti-SV,47°31'20.29"N,26°1'48.06"E,
Bereşti-Bistriţa-BC,46°42'32.73"N,26°51'23.64"E,
Beriu-HD,45°47'24.97"N,23°11'27.48"E,
Berliște-CS,44°59'26.67"N,21°28'0.45"E,
Berzunți-BC,46°24'5.03"N,26°38'35.47"E,
Betfia-BH,46°58'32.31"N,22°0'55.81"E,
Bia,,,
Bica-Română-CJ,46°47'36.06"N,23°4'49.07"E,
Bichigiu-BN,47°25'31.82"N,24°20'8.46"E,
Bidiu-CJ,,,
Biia/Șona-AB,46°13'49.73"N,24°0'17.80"E,
Bilca-SV,47°55'1.82"N,25°44'56.46"E,
Biniș-CS,,,
Birchiş-AR,45°57'52.72"N,22°10'6.61"E,
Bircii-OT,44°30'59.16"N,24°36'5.89"E,
Bîrna-CS,,,
Bîrsa-AR,46°23'3.42"N,22°4'22.50"E,
Bistra-AB,,,
Bistra-AB,,,
Bistrița Bârgăului-BN,47°11'45.72"N,24°47'29.01"E,
Bistriţa-MH,,,
Biuabu Mare-BH,,,
Blaj-AB,46°10'37.24"N,23°55'1.25"E,
Blăjel-SB,46°12'38.93"N,24°19'28.96"E,
Blăjeni-HD,46°13'34.27"N,22°54'33.93"E,
Blandiana-AB,45°57'58.97"N,23°24'2.09"E,
Blejești/Videle-OT,,,
Bobâlna-CJ,47°8'35.84"N,23°38'26.66"E,
Bocioiel-MM,47°41'55.23"N,24°19'9.42"E,
Bocicoiel-MM,47°41'55.23"N,24°19'9.42"E,
Bociu-CJ,46°46'44.54"N,22°56'47.86"E,
Bocşa Română-CS,45°22'37.78"N,21°43'15.80"E,
Bocșa-CS,45°22'28.46"N,21°42'35.37"E,
Bodia-CJ,,,
Bodia-SJ,47°3'33.68"N,23°3'55.44"E,
Bogdan Vodă-MM,47°41'25.39"N,24°16'3.07"E,
Bogdana-IL,,,
Bogdănești-BC,46°12'44.95"N,26°40'49.51"E,
Boian-SV,,,
Boişoara-VL,45°26'23.64"N,24°22'36.72"E,
Boiţa-SB,45°38'2.56"N,24°15'32.16"E,
Bolbota-BH,,,
Boldur-TM,45°41'38.12"N,21°47'3.91"E,
Borca-NT,,,
Borleasa-BN,47°20'42.89"N,24°10'31.34"E,
Borlești-BC,,,
Borloveni-CS,44°58'5.23"N,22°8'36.40"E,
Borod-BH,46°59'27.71"N,22°37'3.52"E,
Borolovenii Vechi-CS,44°57'17.14"N,22°6'29.01"E,
Borșa-BH,47°1'26.36"N,22°10'37.20"E,
Borșa-CJ,46°56'2.94"N,23°39'45.92"E,
Borșa-HD,,,
Borșa-MM,47°39'18.00"N,24°39'58.97"E,
Borumbaca-BH,,,
Borzești-BC,46°14'29.20"N,26°49'3.37"E,
Borzești-CJ,46°32'18.72"N,23°36'54.17"E,
Bosanci-SV,,,
Boşorod-HD,45°41'8.30"N,23°5'33.47"E,
Boșorod-HD,45°41'8.30"N,23°5'33.47"E,
Botean-BH,47°6'9.05"N,22°8'31.26"E,
Boteni-AG,45°10'42.29"N,25°7'26.11"E,
Botiza-MM,47°40'6.93"N,24°9'6.75"E,
Botoşana-SV,47°41'0.21"N,25°56'30.91"E,
Botuşana-SV,47°41'0.21"N,25°56'30.91"E,
Boz-HD,,,
Bozeș-HD,45°58'31.44"N,23°10'26.76"E,
Bozovici-CS,44°55'37.73"N,22°0'7.78"E,
Brădet-BH,46°34'59.05"N,22°31'50.71"E,
Brădișoru de Jos-CS,45°4'56.45"N,21°43'15.28"E,
Brăieşti-SV,47°29'44.38"N,26°4'12.23"E,
Brăileşti-Bcv,,,
Brănești-TM,,,
Braniștea-CJ,,,
Braniştea-HD,,,
Bratca-BH,46°55'37.32"N,22°36'9.18"E,
Brâznic-HD,45°55'9.51"N,22°39'5.73"E,
Breaza-BN,,,
Breazova-CS,44°58'5.40"N,22°8'36.05"E,
Breb-MM,47°44'47.05"N,23°54'14.14"E,
Brebești-MM,,,
Breţcu-CV,46°2'40.48"N,26°18'9.45"E,
Broasca-BZ,,,
Broscăuţi-BT,47°57'18.39"N,26°27'9.18"E,
Broscăuţii-Vechi-Bcv,,,
Broșteni-CS,,,
Brusturi-AR,46°20'44.55"N,22°35'7.63"E,
Brusturi-BH,47°9'26.56"N,22°14'19.59"E,
Bucea-BH,,,
Bughile/Teleajăn-PH,,,
Bucium-HD,45°44'25.31"N,23°11'3.52"E,
Bucium-Poieni-AB,46°15'6.98"N,23°11'55.38"E,
Bucşoaia-SV,47°32'24.15"N,25°48'57.59"E,
Bucuresti,44°25'28.74"N,26°5'14.03"E,
Buda-BZ,45°29'56.03"N,26°53'58.43"E,
Budești-MM,,,
Budureasa-BH,46°40'36.18"N,22°29'47.22"E,
Buhuși-BC,46°43'7.86"N,26°42'11.36"E,
Bujor-TM,,,
Bulşa-HD,,,
Bulz-BH,46°54'46.47"N,22°40'32.69"E,
Bulzeşti de sus-HD,46°18'5.27"N,22°45'39.76"E,
Bulzeşti-HD,,,
Bulzeștii de Sus-HD,46°18'5.27"N,22°45'39.76"E,
Bumbeşti-VL,45°10'40.3"N,23°23'03.0"E,
Bunești-BH,,,
Bunila-HD,45°41'35.03"N,22°40'25.44"E,
Burjuc-Petreşti-HD,45°57'1.45"N,22°29'20.01"E,
Burla-SV,47°47'14.33"N,25°55'39.65"E,
Butan-BH,,,
Buteasa-MM,47°26'54.22"N,23°32'51.06"E,
Buteni-CJ,46°47'14.17"N,22°58'50.71"E,
Butimanu-DB,44°41'33.78"N,25°53'42.20"E,
Buzau Ardelean,,,
Căbeşti-BH,46°46'15"N,22°22'24"E,
Cacica-SV,47°38'17"N,25°54'0"E,
Căianu Mare-BN,47°13'57"N,24°9'49"E,
Căianu Mic-BN,47°14'8"N,24°9'26"E,
Câineni-AG,45°29'48"N,24°18'29"E,
Căiuți-BC,46°11'0"N,26°55'47"E,
Căjvana-SV,47°42'16"N,25°58'10"E,
Calafindeşti-SV,47°51'22"N,26°7'33"E,
Calfindeşti-SV,47°51'22"N,26°7'33"E,
Călăraşi-DJ,43°47'37"N,24°2'42"E,
Călărași-CL,44°12'0"N,27°20'0"E,
Călata-CJ,46°48'11"N,22°59'44"E,
Călatele-CJ,46°46'11"N,23°0'25"E,
Călăţele-CJ,46°46'11"N,23°0'25"E,
Calea Mare-BH,46°54'29"N,22°3'54"E,
Călinești-MM,47°47'8"N,23°58'17"E,
Călineşti-SM,47°54'30"N,23°17'32"E,
Călnic-CS,45°20'18"N,21°51'27"E,
Camena/Baia-TL,44°48'35"N,28°36'28"E,
Camenca-Bcv,48°1'51"N,28°41'58"E,
Câmp-BH,46°28'11"N,22°26'44"E,
Câmpofeni-GJ,45°3'20"N,23°8'26"E,
Câmpulung Muscel-AG,45°16'0"N,25°3'0"E,
Căpâlna-BH,46°44'10"N,22°6'17"E,
Căprioara-CJ,47°6'6"N,23°31'44"E,
Capșa Mare-BV,,,
Capu Cîmpului-SV,47°30'29"N,25°58'46"E,
Capu-Codrului-SV,47°31'52"N,25°59'14"E,
Capul-Câmpului-Bcv,,,
Căpuşul Mic-CJ,46°47'53"N,23°15'17"E,
Cărădeni-BH,46°51'23"N,22°5'10"E,
Cărăndeni-BH,46°51'23"N,22°5'10"E,
Cărand/Gurahonț-AR,46°26'42"N,22°5'18"E,
Caransebeş-CS,45°25'17"N,22°13'19"E,
Cărăsău-BH,46°42'24"N,22°3'14"E,
Cărăstău-HD,45°48'52"N,23°12'42"E,
Cărbunari-CS,44°50'4"N,21°44'39"E,
Cărmăzănești/Ilia-HD,46°1'1"N,22°36'56"E,
Cărpinet-BH,46°27'21"N,22°29'37"E,
Cârţişoara-SB,45°43'34"N,24°34'28"E,
Căuașd-BH,46°47'27"N,21°49'12"E,
Cavadinești-GL,46°3'57"N,28°1'7"E,
Ceahor-Bcv,48°14'24"N,25°59'24"E,
Cebza-TM,45°33'8"N,21°3'59"E,
Cerbăl-HD,45°46'49"N,22°43'1"E,
Cerbia-HD,46°2'35"N,22°27'3"E,
Cerişa-SJ,47°10'53"N,22°34'0"E,
Cerişor-HD,45°44'43"N,22°44'53"E,
Cerrişor-HD,45°44'43"N,22°44'53"E,
Cernuc-SJ,47°8'7"N,23°28'25"E,
Certău-GJ,,,
Certeju de Sus-HD,45°58'26"N,22°58'13"E,
Cetea-Cristeşti-AB,46°16'46"N,23°18'15"E,
Chibulcutul de Câmpie-CJ,,,
Cheiu-BH,,,
Cheja-SJ,,,
Chelmac-AR,46°4'54"N,21°53'4"E,
Cheresig-BH,47°2'17"N,21°41'6"E,
Cheriu-BH,47°0'45"N,22°1'19"E,
Cherpeniet/Carpinet-BH,46°27'21"N,22°29'37"E,
Cheud-SJ,47°23'1"N,23°18'58"E,
Chiliseni-SV,47°33'44"N,26°28'45"E,
Chinciş-MS,46°21'8"N,24°10'59"E,
Chiojdu Mic-BZ,45°20'59"N,26°12'56"E,
Chișcău-BH,46°33'36"N,22°33'3"E,
Chişlaca-AR,46°33'16"N,21°57'43"E,
Chistag-BH,47°2'28"N,22°20'56"E,
Chițeasca-OT,44°32'7"N,24°35'39"E,
Chizătău-TM,45°45'14"N,21°43'56"E,
Ciacova-TM,45°30'40"N,21°7'42"E,
Cianad/Ciamad-TM,46°7'59"N,20°35'0"E,
Ciărbăl-HD,45°46'49.2"N,22°42'50.6"E,
Ciceu Poieni-BN ,47°18'0"N,24°5'19"E,
Ciclova Montană-CS,45°1'33"N,21°43'47"E,
Ciclova Română-CS,45°0'34"N,21°42'21"E,
Cihei-BH,46°59'56"N,21°57'9"E,
Cîineni-VL,45°29'43"N,24°18'32"E,
Cîmpulung-SV,47°31'51"N,25°33'5"E,
Cioara de Jos-AB,46°23'N,23°17'E,
Ciocaneşti-SV,47°28'51"N,25°16'44"E,
Ciocârlău-MM,47°41'29"N,23°24'13"E,
Ciocile-BR,44°49'0"N,27°15'45"E,
Cireaşi-BN,47°24'44"N,24°11'40"E,
Cireşu-MH,44°49'25"N,22°32'18"E,
Cîrjiţ-HD,45°50'40"N,22°49'39"E,
Cîrjiţi-HD,45°50'40"N,22°49'39"E,
Ciuhoi-BH,47°14'22"N,22°7'31"E,
Ciuboi-BH,47°14'22"N,22°7'31"E,
Ciucea-CJ,46°57'56"N,22°49'23"E,
Ciucea/Chiril-SV,47°23'30"N,25°34'35"E,
Ciuchici-CS,44°56'39"N,21°36'55"E,
Ciuci/Stana de Mures-AB,46°25'31"N,23°59'50"E,
Ciuciş-MS,,,
Ciudanovița-CS,45°8.7'N,21°47.9'E,
Ciudeiu-Bcv,48°3'4"N,25°37'18"E,
Ciugud-AB,46°2'45"N,23°36'46"E,
Ciuhoi-Bh,47°14'22"N,22°7'31"E,
Ciuleni-CJ,46°46'11"N,22°58'50"E,
Ciumăfaia-CJ,46°56'37"N,23°37'21"E,
Ciumași-BC,46°40'40"N,26°50'19"E,
Ciungani-HD,46°11'8"N,22°30'2"E,
Ciurea-CJ,,,
Clejani-GR,44°18'51"N,25°43'18"E,
Cliciova-TM,45°37'46"N,22°4'12"E,
Climești-BC,46°43'25"N,26°50'56"E,
Clocotici-VL,45°24'23"N,24°19'46"E,
Clocucica-Cernăuţi-Bcv,48°22'12"N,25°39'36"E,
Clopotiva-HD,45°29'43"N,22°49'20"E,
Cluj-CJ,46°46'0"N,23°36'0"E,
Coasta-CJ,46°53'8"N,23°53'49"E,
Cociuba de jos-BH,46°43'60"N,22°0'0"E,
Cociuba Mare-BH,46°44'22"N,22°0'1"E,
Cojocna-CJ,46°44'54"N,23°50'0"E,
Comăneşti-SV,47°40'10"N,25°59'15"E,
Comani-OT,44°11'31"N,24°29'26"E,
Comlăuşa-SM,48°3'8"N,23°9'20"E,
Comloş-TM,45°53'25"N,20°37'38"E,
Comorâște-CS,45°10'54"N,21°33'46"E,
Constantinești-OT,44°35'39"N,24°30'5"E,
Copșa Mică-SB,46°6'45"N,24°13'5"E,
Corbeşd-BH,,,
Corbi-AG,45°16'56.78"N,24°48'23.12"E,
Cordău-BH,46°57'57"N,21°58'31"E,
Corlata-SV,47°32'31"N,26°3'12"E,
Cornăţel-SB,45°48'0"N,24°21'22"E,
Corneveva-CS ,45°3'52"N,22°25'17"E,
Cornești-CJ,47°2'11"N,23°40'39"E,
Corpadea-CJ,46°47'49"N,23°49'59"E,
Coşbuc-BN,47°21'55"N,24°23'31"E,
Costeni-MM,47°32'13"N,23°54'52"E,
Costești-AG,23°54'52"E,24°52'48"E,
Costești-HD,45°42'5"N,23°9'56"E,
Costâna-SV,47°41'33"N,26°7'8"E,
Costîna-SV,47°41'33"N,26°7'8"E,
Coşva-MS,46°47'4"N,24°53'5"E,
Coticlet-BH,46°53'22"N,22°12'5"E,
Cotougenii Mari-Basarabia,,,
Cotul-Bainschi-Bcv,48°12'0"N,26°12'0"E,
Cotul-Ostriţei-Bcv,48°15'36"N,26°3'0"E,
Covăsinţ-AR,46°12'0"N,21°36'6"E,
Covragiu-HD,45°37'27.48"N,23°1'17.40"E,
Govragi-HD,45°37'27.48"N,23°1'17.40"E,
Crăceşti-MM,47°45'19"N,23°49'52"E,
Crăciuneşti-HD,46°0'52"N,22°52'13"E,
Crăguiş-HD,45°37'33"N,22°53'54"E,
Crăiești-CJ,46°36'48"N,23°35'25"E,
Craiova-DJ,44°20'0"N,23°49'0"E,
Crâng/Pătârlagele-BZ,45°19'27"N,26°20'43"E,
Crasna-Ilschi-Bcv,48°1'7"N,25°33'34"E,
Cresula-BH,46°42'32"N,22°28'52"E,
Crişeni-CJ,46°45'7"N,24°2'53"E,
Criștioru de Jos-BH,46°25'5"N,22°32'12"E,
Criştior-BH,47°20'57"N,22°14'21"E,
Criştor-BH,47°20'57"N,22°14'21"E,
Cristur Șieu-BN,47°7'15"N,24°18'10"E,
Crivăţ-CL,44°11'46"N,26°26'21"E,
Cuciurmare-Bcv,48°12'36"N,25°54'36"E,
Cucuceni-BH,46°33'54"N,22°25'28"E,
Cucuieți-BC,46°19'38"N,26°33'18"E,
Cucuteni-IS,47°16'59"N,26°55'26"E,
Cuhea/Bogdan Voda-MM,47°41'30"N,24°16'0"E,
Curceag-MS,,,
Curechiu-HD,,,
Curtea de Argeş-AG,45°8'21"N,24°40'45"E,
Curtea-TM,45°49'43"N,22°18'28"E,
Curtecap-MS,,,
Cutina-TM,45°49'39"N,21°55'37"E,
Cuveşdia-AR,45°57'8"N,21°40'54"E,
Cuvin-AR,46°9'59"N,21°35'42"E,
Cuza Vodă/Stăncuţa-BR,44°53'19"N,27°48'8"E,
Cuzap-BH,47°12'10"N,22°24'54"E,
Dăbîca-HD,45°39'19"N,22°44'57"E,
Dăbuleni-DJ,43°48'4"N,24°5'31"E,
Daia Romana-AB,46°0'25"N,23°40'5"E,
Dalboşeţ-CS,44°51'50"N,21°57'30"E,
Dalci-CS,45°24'54"N,22°18'54"E,
Dâmbovicioara-AG,45°26'49"N,25°13'31"E,
Dănești-MM,47°37'11"N,23°43'56"E,
Deal-AB,45°51'26"N,23°37'23"E,
Dealu Mare-HD,46°2'30"N,22°47'45"E,
Delean-BH,46°41'36"N,22°20'25"E,
Delureni/Beznea-BH,46°57'43"N,22°36'39"E,
Densuş-HD,45°34'49"N,22°47'26"E,
Denta-TM,45°21'14"N,21°14'56"E,
Deseşti-MM,47°46'20"N,23°51'32"E,
Deusu-CJ,46°53'49"N,23°31'3"E,
Dicănești-BH,46°53'42"N,22°6'0"E,
Dimca-Bcv,48°5'46"N,25°58'30"E,
Doba-SM,47°44'21"N,22°42'36"E,
Dăbâca-CJ,46°58'21"N,23°40'28"E,
Dobâca-CJ,46°58'21"N,23°40'28"E,
Dobra-HD,45°54'44"N,22°34'10"E,
Dobric-BN,47°14'48"N,24°7'39"E,
Dobrica-HD,,,
Dobricel-BN,,,
Dodeşti-IS,46°21'12"N,27°53'26"E,
Domnești-AG,45°12'32"N,24°50'23"E,
Domneşti-BN,47°2'5"N,24°28'35"E,
Dorgoş-AR,46°3'1"N,21°50'14"E,
Dorna Arini-SV,47°20'34"N,25°25'44"E,
Dorna Cândreni-SV,47°21'21"N,25°16'9"E,
Dorna-Candrenilor-SV,47°21'21"N,25°16'9"E,
Dorna-Cândrenilor-SV,47°21'21"N,25°16'9"E,
Dornești-VS,,,
Dorotea-Frasin-SV,47°30'0"N,25°47'52"E,
Doroteia-Plutoniţa-SV,47°28'50"N,25°47'29"E,
Drăgăeşti-DB,44°57'55"N,25°17'12"E,
Dragasani-VL,44°39'40.00"N,24°15'38.00"E,
Dragea/Turnu Măgurele-IF,43°45'0"N,24°52'0"E,
Drăgeşti-BH,46°53'53"N,22°7'44"E,
Dragoieşti-SV,47°32'44"N,26°5'4"E,
Dragoiești-SV,47°32'44"N,26°5'4"E,
Dragomireşti-MM,47°40'3"N,24°17'50"E,
Dragoneşd-BH,46°37'45"N,22°23'39"E,
Dragonieşd-BH,46°37'45"N,22°23'39"E,
Dragoşa-SV,47°38'58"N,25°38'17"E,
Dragoslavele-AG,45°20'52"N,25°10'9"E,
Drăguş-BV,45°45'N,24°47'E,
Drăguș-BV,45°45'N,24°47'E,
Drăguşani-BC,46°17'53"N,26°59'11"E,
Drăgușani-BC,46°17'53"N,26°59'11"E,
Dumbrava-CJ,46°49'30"N,23°13'3"E,
Dumbraviţa de Codru-BH,46°39'20"N,22°9'49"E,
Dumbrăvița de Codru-BH,46°39'20"N,22°9'49"E,
Dumbrăvița-BH,46°47'39"N,22°9'14"E,
Dumbravita-BN,47°15'28"N,24°11'4"E,
Dumbraviţa-HD,45°53'11"N,22°42'12"E,
Dumitra-AB,46°5'48"N,23°40'58"E,
Dumitreşti-VR,45°34'0"N,26°56'0"E,
După Piatră-HD,46°11'13"N,23°0'25"E,
După-Piatră-HD,46°11'13"N,23°0'25"E,
Dușești-BH,46°50'13"N,22°10'44"E,
Enisala-TL,44°52'42"N,28°49'7"E,
Eşelniţa-CS,,,
Eșelnița-MH,44°42'7"N,22°21'48"E,
Fabrică-TM,45°45'58"N,22°18'52"E,
Făgăraş-BV,45°50'41"N,24°58'27"E,
Făget-TM,45°51'0"N,22°10'48"E,
Fageţel-HD,45°52'53"N,22°35'24"E,
Fegeţel-HD,45°52'53"N,22°35'24"E,
Făgeţel-HD,45°52'53"N,22°35'24"E,
Fălticeni-SV,47°27'35"N,26°18'0"E,
Faraoani-BC,46°25'55"N,26°54'43"E,
Farcaşa-NT,47°9'42"N,25°50'7"E,
Fâșca-BH,46°59'3"N,22°19'45"E,
Feldioara-BV,45°48'20"N,25°35'30"E,
Feldru-BN,47°16'39"N,24°35'53"E,
Feleac-CJ,46°42'50"N,23°37'23"E,
Feleag-MS,46°14'27"N,25°0'51"E,
Feneş-AB,46°6'N,23°17'E,
Ferdeş-HD,45°53'41.8"N,23°07'02.5"E,
Fereşd-HD,45°47'30"N,22°38'57"E,
Ferești-MM,47°49'53"N,23°57'7"E,
Feresti-VS,46°47'0"N,27°42'0"E,
Filea de Jos-CJ,46°37'13"N,23°30'30"E,
Filea de Sus-CJ,46°36'37.23"N,23°28'58.21"E,
Filioara/Agapia-NT,47°9'37"N,26°16'45"E,
Finciu-CJ,46°45'15"N,23°2'28"E,
Fișcut-AR,46°1'41"N,21°23'44"E,
Fitionești-VN,45°59'10"N,27°3'27"E,
Fizeş-CS,45°21'48"N,21°35'33"E,
Fezeşti-HD,45°32'30"N,23°5'7"E,
Floreşti-CJ,46°44'52"N,23°29'27"E,
Florești-CJ,46°44'52"N,23°29'27"E,
Foeni-TM,45°29'55"N,20°52'33"E,
Formădia Șoimuș-HD,45°55'1"N,22°53'23"E,
Fornădia-HD,45°57'59"N,22°50'59"E,
Frătăuţul Nou-SV,47°55'46"N,25°50'23"E,
Frătăuţul-Nou-SV,47°55'46"N,25°50'23"E,
Frătăuţul-Vechiu-SV,47°54'27"N,25°52'38"E,
Frumosul-SV,47°36'24"N,25°38'52"E,
Fundoaia-BC,46°18'37"N,27°12'9"E,
Fundu-Moldovei-SV,47°31'44"N,25°25'57"E,
Fundul Moldovei-SV,47°31'44"N,25°25'57"E,
Fundul-Moldovei-SV,47°31'44"N,25°25'57"E,
Sadova-SV,47°33'34"N,25°29'2"E,
Fureşti-VL,44°34'0"N,24°0'59"E,
Gădălin-CJ,46°50'25"N,23°50'53"E,
Găinești-SV,47°25'10"N,25°55'5"E,
Gaiu Mic-TM,45°17'46"N,21°12'32"E,
Gălăneşti-SV,47°54'42"N,25°48'15"E,
Gălănești-SV,47°54'42"N,25°48'15"E,
Galbenu-BR,45°12'38"N,27°9'32"E,
Galbeni-VR,46°6'32"N,27°22'35"E,
Galbenu-BR,,,
Galda de Jos-AB,46°10'44"N,23°37'7"E,
Galda-HD,,,
Gârbău-CJ,46°49'51"N,23°21'21"E,
Gîrbău-CJ,46°49'51"N,23°21'21"E,
Gârbovăț-CS,44°52'3"N,22°0'35"E,
Găşăeşti-Bcv,,,
Gâşeşti/Mihăileşti-GR,44°19'0"N,25°54'0"E,
Găujani-VL,45°27'10"N,24°22'36"E,
Găujeni-VL,45°27'10"N,24°22'36"E,
Găujeni/Boișoara-VL,45°27'10"N,24°22'36"E,
Galauti-CL,44°15'56"N,27°6'55"E,
Găvăneşti-GJ,45°1'30"N,23°8'23"E,
Geaca-CJ,46°51'32"N,24°5'23"E,
Gemenea-SV,47°26'16"N,25°42'4"E,
Geoagiu Bai-HD,45°56'10"N,23°10'7"E,
Geoagiu Băi-HD,45°56'10"N,23°10'7"E,
Geoagiu-Băi-HD,45°56'10"N,23°10'7"E,
Gepiu-BH,46°55'49"N,21°47'24"E,
Ghelari-HD,45°42'33"N,22°47'16"E,
Gheneţea-BH,47°23'20"N,22°23'51"E,
Ghentea-BH,47°23'20"N,22°23'51"E,
Ghergani-DB,44°38'9"N,25°43'22"E,
Gherla-CJ,47°1'0"N,23°53'0"E,
Gherţa Mică-SM,47°56'0"N,23°14'0"E,
Ghighișeni-BH,46°33'5"N,22°25'53"E,
Ghilad-TM,45°28'6"N,21°8'13"E,
Ghirișu de Criș-BH,47°3'58"N,21°45'35"E,
Ghirișu de Sus-BH,,,
Gialacuta/Braniștea-HD,46°0'10"N,22°47'9"E,
Gialacuta-HD,46°0'10"N,22°47'9"E,
Gilău-CJ,46°45'12"N,23°23'19"E,
Gilău-CJ,46°45'12"N,23°23'19"E,
Ginta-Rohani-BH,46°45'12"N,22°5'17"E,
Ginţaga-HD,45°37'59"N,23°2'12"E,
Gînţaga-HD,45°37'59"N,23°2'12"E,
Gioseni-BC,46°25'50"N,26°59'31"E,
Giosrni-BC,46°25'50"N,26°59'31"E,
Girişu de Criş-BH,47°3'59.08"N,21°45'36.47"E,
Girișu de Criș-BH,47°3'59.08"N,21°45'36.47"E,
Girișu de Sus-BH,47°3'59.08"N,21°45'36.47"E,
Giroc-TM,45°41'46"N,21°14'13"E,
Giula-CJ,46°55'41"N,23°36'35"E,
Giulești-MM,47°49'19"N,23°55'54"E,
Giurcuța de Jos-CJ,46°39'21"N,22°59'18"E,
Gledin-BN,46°57'27"N,24°42'21"E,
Glimboca-CS,45°28'59"N,22°19'0"E,
Glod-MM,47°43'37"N,24°4'59"E,
Glodchileşti-HD,45°58'42"N,22°28'36"E,
Glodghileşti-HD,45°58'42"N,22°28'36"E,
Glodghineşti-HD,45°58'42"N,22°28'36"E,
Glodu-DJ,44°12'0"N,23°48'0"E,
Glogova-GJ,44°56'2"N,22°54'18"E,
Gogolina/Leusenii Tautului-Bcv,48°13'48"N,26°12'36"E,
Goleş-HD,45°40'34"N,22°45'25"E,
Goruia-CS,45°11'10"N,21°46'41"E,
Gostavăţ-OT,44°5'0"N,24°32'0"E,
Gotmatea-HD,45°56'40.20"N,22°36'25.56"E,
Gothatea-HD,45°56'40.20"N,22°36'25.56"E,
Gotnatea-HD,45°56'40.20"N,22°36'25.56"E,
Grâdişte-HD,45°29'51"N,22°47'21"E,
Grâdişte-HD,45°29'51"N,22°47'21"E,
Graniceşti-SV,47°48'33"N,26°3'14"E,
Grăniceşti-SV,47°48'33"N,26°3'14"E,
Greoni-CS,45°5'20"N,21°37'2"E,
Grigoreni-Bogdănești-BC,46°35'47"N,26°40'54"E,
sat Grigoreni-BC,46°35'47"N,26°40'54"E,
Grohot-HD,46°14'43"N,22°46'21"E,
Sat Grohot-HD,46°14'43"N,22°46'21"E,
Gropeni-BR,45°4'28"N,27°52'58"E,
Groseni-AR,46°29'51"N,22°7'5"E,
Groseni-BH,46°29'51"N,22°7'5"E,
Groşi-BH,47°2'42"N,22°28'46"E,
Groşi-BH,47°2'42"N,22°28'46"E,
Groșlui-BH,,,
Groșuri-HD,46°17'41"N,22°56'17"E,
Gruiu Lupului-VL,45°25'42"N,24°20'27"E,
Gura-Humorului-SV,47°33'14"N,25°53'21"E,
Gura Solcei-SV,47°44'27"N,26°3'0"E,
Furtuneşti/Gura Teghii-BZ,45°29'52"N,26°25'59"E,
Gura Văii-BC,46°17'6.32"N,26°51'28.06"E,
Gura Văii/Scorţoasa-BZ,45°22'42"N,26°39'47"E,
Gura Văii/Scorțoasa-BZ,45°22'42"N,26°39'47"E,
Gura-Călmăţui/Berteştii de Jos-BR,44°49'7"N,27°46'58"E,
Gurahont-AR,46°16'11"N,22°20'31"E,
Gurani-BH,46°35'42"N,22°32'43"E,
Gurasada-HD,45°57'4"N,22°35'22"E,
Gurasafa-HD,45°57'4"N,22°35'22"E,
Gura-Sadovei-SV,47°32'32"N,25°30'13"E,
Gura Sadovei-SV,47°32'32"N,25°30'13"E,
Gura Sadovei-SV,47°32'32"N,25°30'13"E,
Gurahonţ-AR,46°16'21.56"N,22°20'27.83"E,
Habic-MS,46°42'32"N,24°47'34"E,
Hagieni-IL,44°38'42.34"N,27°45'32.18"E,
Haieu/Haien-BH,46°59'26"N,21°59'52"E,
Hălăuceşti-IS,47°6'15"N,26°48'33"E,
Hălmăcioaia-BC,46°42'4"N,26°46'53"E,
Hălmăsău-BN,47°20'42"N,24°8'22"E,
Hangu-NT,47°2'41"N,26°3'41"E,
Hârlău-IS,47°25'40"N,26°54'41"E,
Hărman-BV,45°42'24"N,25°41'8"E,
Hârsa-PH,45°2'11"N,26°9'36"E,
Hârsăști-BH,46°32'11"N,22°30'16"E,
Hărtăgani-HD,46°2'38.96"N,22°56'11.70"E,
Hărţăgani-HD,46°2'38.96"N,22°56'11.70"E,
Hărțăgani-HD,46°2'38.96"N,22°56'11.70"E,
Hășdate-CJ,46°38'38"N,23°25'42"E,
Hatar-BH,47°1'10"N,22°17'6"E,
Haţeg-HD,45°36'27"N,22°57'0"E,
Hitiaş-TM,45°42'38"N,21°35'55"E,
Hitiaș-TM,45°42'38"N,21°35'55"E,
Hodac-MS,46°46'32"N,24°55'37"E,
Hidișel-BH,46°38'46"N,22°3'48"E,
Hodișe-BH,46°38'46"N,22°3'48"E,
Homorâciu-PH,45°16'9.47"N,26°0'57.03"E,
Horea-AB,46°30'8"N,22°57'1"E,
Horia-TL,47°51'39"N,25°49'56"E,
Horodincul de Jos-SV,47°51'39"N,25°49'56"E,
Horodnicul de Sus-SV,47°51'39"N,25°49'56"E,
Horodnicul-de-Jos-SV,47°51'39"N,25°49'56"E,
Hotar-BH,,,
Hotărel-BH,46°31'58"N,22°26'25"E,
Hoteni-MM,47°46'18"N,23°53'59"E,
Hunia-DJ,44°3'19"N,23°5'56"E,
Husasău de Tinca-BH,46°49'21"N,21°54'45"E,
Iablanița-MH,44°27'53"N,22°59'18"E,
Iablaniţa-CS,44°57'4"N,22°18'49"E,
Iacobeni-SV,47°25'25"N,25°18'42"E,
Iacobeşti-SV,47°45'55"N,26°5'7"E,
Iancu Jianu-OT,44°30'0"N,24°2'0"E,
Iapa-MM,47°55'30"N,23°49'31"E,
Iaz-BC,46°30'21"N,26°44'59"E,
Iaz-CS,45°27'54"N,22°14'1"E,
sat Iaz-CS,45°27'54"N,22°14'1"E,
Idicel-MS,46°51'18"N,24°49'12"E,
Ieud-MM,47°40'37"N,24°14'4"E,
Sat Ieud-MM,47°40'37"N,24°14'4"E,
Ieud-MM,,,
Igeşti-Bcv,48°1'12"N,25°30'0"E,
Igriş-TM,46°6'47"N,20°47'5"E,
Iladia-CS,44°58'14"N,21°42'30"E,
Ilişeşti-SV,47°36'36"N,26°2'55"E,
Ilișești-SV,47°36'36"N,26°2'55"E,
Ilişua-BN,47°13'7"N,24°5'25"E,
Ilteu-AR,46°0'59"N,22°21'33"E,
Ineu de Criș-BH,47°5'11"N,22°6'59"E,
Întorsura-Buzăului-CV,45°40'22"N,26°2'3"E,
Ioșia-BH,47°3'5"N,21°56'25"E,
Isbiceni-OT,43°50'0"N,24°39'0"E,
Itești-BC,46°44'35"N,26°53'12"E,
Iteu Mare-BH,47°21'7"N,22°25'7"E,
Iteu-VL,,,
Iveşti-VS,46°37'54"N,27°57'53"E,
Izvoarele-OT,44°15'44"N,24°31'24"E,
Izvoarele-PH,45°16'52"N,26°0'38"E,
Izvorul Muntelui-NT,46°56'27"N,26°4'28"E,
Jadani-TM,45°54'41"N,21°13'5"E,
Jdioara-TM,45°37'15"N,22°6'25"E,
Jebel-TM,45°33'19"N,21°12'49"E,
Jibou-SJ,47°15'30"N,23°15'30"E,
Jigălia-VS,46°18'44"N,27°55'20"E,
Jigălia-VS,46°18'44"N,27°55'20"E,
Jijila-TL,45°18'18"N,28°8'57"E,
Jina-SB,45°47'42"N,23°41'40"E,
Jitaru-OT,44°32'55"N,24°32'47"E,
Josani-BH,47°0'0"N,22°27'49"E,
Jugur-AG,45°11'14"N,25°5'12"E,
Juncşuoara-BH,47°2'11.80"N,22°32'25.31"E,
Jupani-TM,45°48'20"N,22°1'13"E,
Juriul de Cîmpie-CJ,46°41'56"N,23°54'59"E,
Lapoș-BZ,45°9'7.39"N,26°25'9.28"E,
Lapoşu-BZ,45°9'7.39"N,26°25'9.28"E,
Lăpujul de Sus-HD,,,
Lăpuș-MM,47°29'42.24"N,24°0'29.81"E,
Lapuşnic-HD,45°54'42.02"N,22°37'7.25"E,
Lăpuşnic-HD,45°54'42.02"N,22°37'7.25"E,
Lăpușnicu Mare-CS,44°53'59.64"N,21°56'35.88"E,
Lazuri-AB,46°20'48.99"N,23°10'4.57"E,
Lechincioara-MS,46°39'56.52"N,24°25'12.36"E,
Lehăcenii-Tăutului-Bcv,48°15'20.88"N,26°10'0.12"E,
Leheceni-BH,46°26'44.35"N,22°30'55.36"E,
Lejnic/Lesnic-HD,45°55'0.00"N,22°43'60.00"E,
Lelese-HD,45°43'57.71"N,22°41'56.49"E,
Leleşd-BH,46°37'12.46"N,22°27'25.70"E,
Lelești-BH,46°37'12.46"N,22°27'25.70"E,
Lemnu-SJ,47°21'8.30"N,23°29'14.63"E,
Leordeni-AG,44°46'60.00"N,25°7'0.00"E,
Leordina-MM,47°47'13.00"N,24°14'49.00"E,
Leş-BH,46°57'57.24"N,21°50'8.89"E,
Leș-BH,46°57'57.24"N,21°50'8.89"E,
Leșu-BN,47°18'56.12"N,24°45'2.11"E,
Libănişd-MS,,,
Limba-AB,46°2'24.00"N,23°35'51.72"E,
Lipova-TM,46°5'30.00"N,21°41'30.00"E,
Lisaura-SV,47°38'17.52"N,26°17'51.36"E,
Lita-CJ,46°37'57"N ,23°27'59"E,
Liteni-SV,47°31'12.00"N,26°31'55.00"E,
Livada Hăjdate-CJ,47°0'7.56"N,23°50'44.52"E,
Livezeni-HD,45°23'54.66"N,23°22'30.24"E,
Lona-CJ,46°30'21.96"N,23°55'2.64"E,
Lucăcești-Moinești-BC,46°28'37.50"N,26°29'30.14"E,
Lucăceşti-SV,47°31'53.76"N,26°6'24.48"E,
Ludăşul de Murăş-MS,46°28'35.24"N,24°5'45.60"E,
Ludihumora-SV,,,
Ludușul Mare-SB,,,
Lugașu de Jos-BH,47°4'31.96"N,22°19'47.95"E,
Lugașul de Jos-BH,47°4'31.96"N,22°19'47.95"E,
Lugașu de Sus-BH,47°4'43.88"N,22°21'22.77"E,
Lugoj-TM,45°41'9.89"N,21°54'3.58"E,
Lunca Cernii de Jos-HD,45°38'14.26"N,22°36'10.73"E,
Lunca Cernii-HD,45°38'20.75"N,22°35'2.64"E,
Lunca Jariștei-BZ,45°28'43.69"N,26°15'37.76"E,
Lunca Moţilor-HD,46°10'1.41"N,22°40'37.67"E,
Lunca Moților-HD,46°10'1.41"N,22°40'37.67"E,
Lunca-BH,46°31'6.40"N,22°27'13.57"E,
Luncile-BZ,45°29'47.76"N,26°32'38.76"E,
Luncșoara-AR,46°19'9.71"N,22°37'30.52"E,
Luncşara-BH,47°2'11.76"N,22°32'31.56"E,
Luncşoara-BH,47°2'11.76"N,22°32'31.56"E,
Luncușoara-BH,47°2'11.76"N,22°32'31.56"E,
Lupşa de Jos-GJ,44°43'50.38"N,23°0'3.14"E,
Lupşa de Sus-GJ,44°43'53.80"N,22°57'12.24"E,
Lupşani-IL,,,
Lupşanii-IL,,,
Măceu-HD,45°40'12.36"N,22°58'46.93"E,
Măcin-TL,45°14'42.05"N,28°8'24.51"E,
Macovişte-CS,44°56'21.15"N,21°39'20.92"E,
Mada-HD,46°0'0.69"N,23°7'49.95"E,
Măgești-BH,47°0'32.76"N,22°27'4.15"E,
Măgura-Bnt,
Măgura-CS,45°29'59.05"N,22°24'50.88"E,
Măgura/Zăvoi-CS,45°31'31.19"N,22°24'30.12"E,
Maglavit-DJ,44°2'0.27"N,23°5'59.87"E,
Zavoi-CS,45°31'29.28"N,22°24'28.93"E,
Magura-CS,45°29'58.20"N,22°24'51.84"E,
Măgurele-IL,44°21'41.45"N,26°2'17.34"E,
Măgurele-PH,45°6'7.92"N,26°2'14.28"E,
Maieru-BN,47°23'59.94"N,24°45'0.03"E,
Maieruș-BV,45°54'1.27"N,25°31'59.88"E,
Malaia-VL,45°21'5.23"N,24°2'3.21"E,
Mălini-SV,47°27'11.16"N,26°5'11.40"E,
Malu-GR,43°49'0.07"N,25°49'0.00"E,
Mănăstirea Humorului-SV,47°35'43.35"N,25°51'27.72"E,
Mănăstirea Humorului-SV,47°35'43.35"N,25°51'27.72"E,
Mănăstirea-Humorului-SV,47°35'43.35"N,25°51'27.72"E,
Mănăstirea-CJ,47°7'14.16"N,23°55'25.68"E,
Mănăstiriştea-Cernăuţi-Bcv,,,
Mănăştiur-TM,45°49'48.27"N,22°3'51.87"E,
Mănăştur-CJ,46°45'18.79"N,23°32'52.60"E,
Mănăştiurul unguresc-CJ,46°45'18.79"N,23°32'52.60"E,
Mâneci Pământeni-PH,45°17'25.44"N,26°0'7.20"E,
Mâneci Pământu-PH,45°17'25.44"N,26°0'7.20"E,
Mâneciu Pământeni-PH,45°17'25.44"N,26°0'7.20"E,
Mara-MM,47°45'18.69"N,23°49'46.83"E,
Măraşu-BR,44°50'47.17"N,27°57'53.32"E,
Mărașu-BR,44°50'47.17"N,27°57'53.32"E,
Marcos,,,
Marga-CS,45°30'16.65"N,22°31'8.09"E,
Mărgău-CJ,46°45'9.72"N,22°57'33.48"E,
Marginea-SV,47°48'35.20"N,25°49'12.14"E,
Mărgineni-OT,44°31'59.23"N,24°33'13.85"E,
Marga-MH,44°49'3.38"N,22°35'3.14"E,
Mărișel-BN,47°0'40.99"N,24°30'31.64"E,
Mărişelu-BN,47°0'40.99"N,24°30'31.64"E,
Mărtănuş-CV,46°1'11.64"N,26°17'32.22"E,
Mărtăgani-HD,46°2'38.96"N,22°56'11.70"E,
Martinești-HD,45°48'47.70"N,23°7'33.13"E,
Mașca-CJ,46°33'13.35"N,23°27'27.41"E,
Matei-BN,46°58'57.68"N,24°15'54.50"E,
Măzănăieşti-SV,47°31'40.78"N,26°5'2.38"E,
Medias-SB,46°9'50.00"N,24°21'3.00"E,
Mediaş/Borumbac-SB,45°45'29.28"N,24°27'19.15"E,
Mehadia-CS,44°54'0.04"N,22°21'59.97"E,
Mehadica-CS,45°2'24.25"N,22°15'44.82"E,
Mehala-TM,45°45'52.83"N,21°11'58.46"E,
Mercina-CS,45°3'49.68"N,21°32'12.48"E,
Merenii de Jos-TL,44°13'59.68"N,25°38'35.36"E,
Merenii de Sus-TL,44°13'40.98"N,25°37'18.37"E,
Meria-HD,45°39'37.14"N,22°37'55.45"E,
Merişor-HD,45°27'21.68"N,23°13'39.59"E,
Merișor-HD,45°27'21.68"N,23°13'39.59"E,
Merişoru de Munte-HD,45°49'6.40"N,22°40'3.30"E,
Meseşenii Bârgăului-BN,47°13'42.56"N,24°52'29.35"E,
Meseşenii de Sus-SJ,47°7'36.12"N,22°59'3.84"E,
Meziad-BH,46°44'23.72"N,22°25'41.99"E,
Micălaca-AR,46°10'29.69"N,21°21'32.94"E,
Miceşti-AB,46°6'1.00"N,23°33'10.00"E,
Micești-CJ,46°39'0.70"N,23°37'0.49"E,
Miceşti-MS,,,
Miersig-BH,46°53'22.63"N,21°51'1.17"E,
Mihai Viteazu-MS,46°9'18.53"N,25°1'31.09"E,
Mihăiesti-HD,45°52'38.28"N,22°33'46.08"E,
Mihăieşti-HD,45°52'38.28"N,22°33'46.08"E,
Mihalț-AB,46°9'40.39"N,23°43'39.27"E,
Mihoveni-SV,47°40'47.52"N,26°10'55.67"E,
Milaș-MS,46°49'2.87"N,24°26'13.48"E,
Milașu Mare-MS,,,
Milcoiu-VL,45°2'33.66"N,24°28'23.00"E,
Milcov-OT,44°22'45.95"N,24°22'52.70"E,
Milcoveni-CS,45°0'2.90"N,21°26'51.75"E,
Mintia-HD,45°55'24.24"N,22°50'53.88"E,
Mintiu Gherli-CJ,47°3'19.44"N,23°56'43.08"E,
Mîrcina-CS,45°3'49.69"N,21°32'12.49"E,
Mireş-BN,47°15'54.36"N,24°14'3.12"E,
Mitocul-Dragomirnei-SV,47°43'59.78"N,26°15'0.28"E,
Moara-SV,47°30'58.28"N,26°32'7.19"E,
Moceriș-CS,44°52'9.52"N,21°55'16.78"E,
Mociu-CJ,46°47'50.13"N,24°1'54.54"E,
Moderat-AR,,,
Mogoșești-OT,44°33'52.20"N,24°30'40.68"E,
Mohu-SB,45°44'20.00"N,24°13'40.00"E,
Moinești-BC,46°28'11.23"N,26°29'18.47"E,
Moineşti-BC,46°28'11.23"N,26°29'18.47"E,
Moinești-BC,46°28'11.23"N,26°29'18.47"E,
Moişa-MS,46°41'4.56"N,24°31'41.52"E,
Moisei-MM,47°39'22.00"N,24°32'17.00"E,
Molişet-BN,47°26'24.17"N,24° 7'44.33"E,
Molişeţ-BN,47°26'24.17"N,24° 7'44.33"E,
Mologhia-Bcv,,,
Moniom-CS,45°20'59.64"N,21°50'4.20"E,
Monor-BN,46°56'49.59"N,24°41'28.96"E,
Morlaca-CJ,46°51'27.00"N,22°55'7.34"E,
Moşia-MS,
Muncelul de Sus-IS,47°7'25.68"N,26°44'6.72"E,
Muncelul Mare-HD,45°49'36.56"N,22°41'8.25"E,
Muncelul Mic-HD,45°50'49.92"N,22°43'55.51"E,
Muncelul-Mic-HD,45°50'49.92"N,22°43'55.51"E,
Murani-TM,45°55'23.52"N,21°18'15.49"E,
Mureșenii Bârgăului-BN,47°12'38.52"N,24°51'36.00"E,
Mușetești-AG,45°11'20.01"N,24°46'57.58"E,
Muşca-CJ,,,
Muşeniţa-SV,47°58'0.48"N,25°59'48.48"E,
Muşeniţă-SV,47°58'0.48"N,25°59'48.48"E,
Mușenița-SV,47°58'0.48"N,25°59'48.48"E,
Mușetești-GJ,45°8'31.38"N,23°27'41.41"E,
Mușătești-AG,45°13'36.43"N,24°46'36.96"E,
Nădăşel-CJ,46°49'39.01"N,23°24'55.66"E,
Nadăşu-CJ,46°51'14.40"N,23°9'11.19"E,
Nănești-BC,46°27'29.88"N,27°7'23.16"E,
Năneşti-MM,47°50'17.10"N,24°0'39.50"E,
Năpradea-SJ,47°22'0.00"N,23°19'0.00"E,
Năsăud-BN,47°16'59.95"N,24°24'24.08"E,
Neagra-CJ,,,
Nedeciu/Măraşu-BR,44°50'58.77"N,27°57'56.39"E,
Negoești-DJ,44°32'8.97"N,23°43'37.01"E,
Negoiești-DJ,44°32'8.97"N,23°43'37.01"E,
Negoiești-Borzești-BC,46°11'51.53"N,26°53'14.01"E,
Negreni-OT,44°34'6.67"N,24°35'43.42"E,
Negresti Oas-SM,47°52'10.00"N,23°25'27.00"E,
Negreşti-SM,47°52'10.00"N,23°25'27.00"E,
Negrești-MM,,,
Negreşti Oaş-SM,47°52'18.94"N,23°25'44.45"E,
Negrileasa-SV,47°25'24.60"N,25°48'58.32"E,
Negrileşti-BN,47°15'59.98"N,24°3'0.05"E,
Negrilești-VN,45°56'22.93"N,26°42'13.29"E,
Nerău-TM,45°58'10.20"N,20°33'30.88"E,
Nereju-VN,45°43'0.00"N,26°43'0.00"E,
Nevoiaş-HD,,,
Nevoiș/Buruiene-HD,,,
Nicolinț-CS,44°57'21.24"N,21°33'19.08"E,
Nicreşten-MS,,,
Nicula-CJ,47°0'32.03"N,23°56'23.60"E,
Niculeşti/Poienarii-Vulpeşti-IL,44°41'13.95"N,25°56'53.06"E,
Niereşteu-MS,,,
Nireşten-MS,,,
Nimăiești-BH,46°40'58.44"N,22°23'29.41"E,
Nireş-CJ,47°6'51.28"N,23°58'48.92"E,
Nireș-CJ,47°6'51.28"N,23°58'48.92"E,
Nojag-HD,45°57'22.37"N,23°0'4.00"E,
Nojac/Certeju de Sus-HD,45°57'22.37"N,23°0'4.00"E,
Nojorid-BH,47°0'4.26"N,21°53'3.75"E,
Nojorod-BH,47°0'4.26"N,21°53'3.75"E,
Noua-Suliţă-Bcv,48°13'2.99"N,26°15'58.16"E,
Noul Român-BV,,,
Nucşoara-HD,45°28'57.00"N,22°55'12.00"E,
Oancea-GL,45°55'16.18"N,28°6'24.45"E,
Oarda de Sus-AB,46°1'10.93"N,23°35'38.05"E,
Oarzâna-BN,47°25'11.14"N,24°11'39.32"E,
Obîrşa-HD,46°15'18.36"N,22°40'10.56"E,
Obârşin-HD,46°15'18.36"N,22°40'10.56"E,
Obtrșa-HD,46°15'18.36"N,22°40'10.56"E,
Obtrșia-HD,46°15'18.36"N,22°40'10.56"E,
Obedeni-GR,44°20'56.40"N,25°39'21.96"E,
Obreja-CS,45°28'44.49"N,22°15'30.97"E,
Obreja-TM,,,
Ociu-HD,46°12'41.74"N,22°33'54.07"E,
Ocna Sugatag-MM,47°46'60.00"N,23°55'60.00"E,
Ocna Șugatan-MM,47°46'60.00"N,23°55'60.00"E,
Ocolişu Mic-HD,45°42'40.68"N,23°7'41.88"E,
Odobasca-VN,45°39'34.21"N,26°58'43.67"E,
Ogretin-PH,45°15'37.80"N,26°5'15.72"E,
Ohaba-TM,45°43'6.57"N,21°44'28.96"E,
Ohaba-Bistra-TM,45°43'6.57"N,21°44'28.96"E,
Ohaba-Mîtnic-CS,45°28'13.27"N,22°4'42.00"E,
Ohaba-AB,46°4'11.58"N,23°47'22.74"E,
Ohaba-Secaş-AB,46°4'11.58"N,23°47'22.74"E,
Ohabiţa-CS,45°23'19.21"N,22°5'45.53"E,
Olteni-OT,44°10'48.10"N,25°17'48.93"E,
Olteţu-BV,45°48'9.72"N,24°45'42.84"E,
Onceşti-MM,47°50'51.58"N,23°58'42.78"E,
Onufri-SV,,,
Opăriţi-PH,45°10'29.07"N,26°6'49.58"E,
Opatiţa-TM,45°24'51.12"N,21°16'10.92"E,
Oprişeni-SV,47°28'10.33"N,26°16'48.97"E,
Oprşeni-SV,47°28'10.33"N,26°16'48.97"E,
Oprişeni-Bcv
Orăștie-HD,45°50'38.28"N,23°12'2.23"E,
Orăştioara-HD,45°45'41.75"N,23°11'2.01"E,
Orăştioara de sus-HD,45°38'20.24"N,23°15'31.83"E,
Orăştioara de Sus-HD,45°38'20.24"N,23°15'31.83"E,
Orăștioara de Sus-HD,45°38'20.24"N,23°15'31.83"E,
Orăştioara-de-sus-HD,45°38'20.24"N,23°15'31.83"E,
Oraviţa-CS,45°2'0.37"N,21°41'0.41"E,
Oravița-CS,45°2'0.37"N,21°41'0.41"E,
Ormindia/Ormandia-HD,46°3'23.17"N,22°51'5.08"E,
Ormindea-HD,46°3'23.17"N,22°51'5.08"E,
Ormindia-HD,46°3'23.17"N,22°51'5.08"E,
Orşova Pădure-MS,46°44'5.19"N,24°56'43.30"E,
Orşova-MS,46°45'2.37"N,24°54'31.75"E,
Orzana-BN,47°25'12.27"N,24°11'39.61"E,
Oşorhei-BH,47°1'28.62"N,22°4'6.80"E,
Ostra-SV,48°18'57.01"N,25°38'44.13"E,
Ostriţa-Bcv,48°15'23.12"N,26°2'33.31"E,
Ostrov-TL,44°55'11.03"N,28°8'46.43"E,
Palanca-BC,46°31'45.18"N,26°8'36.09"E,
Palazu Mare-CT,44°13'44.40"N,28°36'3.96"E,
Paloş-BV,46°7'16.26"N,25°14'5.75"E,
Paltin-VN,45°46'51.64"N,26°43'6.97"E,
Păltineasa-BN,47°17'40.65"N,24°12'23.29"E,
Păltiniș-BC,46°32'10.45"N,26°21'43.57"E,
Păltiniş Apa-Asău-BC,46°32'10.45"N,26°21'43.57"E,
Păltiniș-Apa Asău-BC,46°32'10.45"N,26°21'43.57"E,
Păltinoasa-SV,47°32'59.48"N,25°57'7.43"E,
Pănceşti-BC,46°12'38.77"N,27°3'40.12"E,
Pâncești-BC,46°12'38.77"N,27°3'40.12"E,
Păniceni-CJ,46°48'31.32"N,23°11'14.64"E,
Pantelimon-IF,44°26'60.00"N,26°11'60.00"E,
Panticeu-CJ,47°2'32.38"N,23°33'26.67"E,
Părhăuţi-SV,47°42'37.60"N,26°5'20.86"E,
Părteștii-de-Jos-SV,47°38'27.79"N,25°57'36.32"E,
Părteştii de Sus-SV,47°38'49.15"N,25°55'5.57"E,
Părteştii-de-Sus-Bcv
Parva-BN,47°23'33.65"N,24°32'38.65"E,
Pătaş-CS,44°57'3.96"N,22°6'4.68"E,
Pătaşi-CS,44°57'3.96"N,22°6'4.68"E,
Pătrova-MM,47°49'41.67"N,24°12'48.53"E,
Patruti pe Suceava/Patrautii pe Suceava-SV,47°43'16.54"N,26°11'11.75"E,
Pătrăuţi pe Suceavă-SV,47°43'16.54"N,26°11'11.75"E,
Pătrăuţi pe Suceavă-SV,47°43'16.54"N,26°11'11.75"E,
Pătrăuţi-pe-Suceavă-SV,47°43'16.54"N,26°11'11.75"E,
Pătruţi pe Suceavă-SV,47°43'16.54"N,26°11'11.75"E,
Pătrăuţii pe Suceavă-SV,47°43'16.54"N,26°11'11.75"E,
Pătrăuţii de Sus-Bcv,48°3'20.16"N,25°42'21.92"E,
Paucineşd-HD,45°30'23.37"N,22°45'17.18"E,
Paucineşd-HD,45°30'23.37"N,22°45'17.18"E,
Păucineşd-HD,45°30'23.37"N,22°45'17.18"E,
Paucineşdi-HD,45°30'23.37"N,22°45'17.18"E,
Sat Păucineşd-HD,45°30'23.37"N,22°45'17.18"E,
Păulești-BH,47°10'30.00"N,22°13'10.56"E,
Păulești-VN,45°53'30.50"N,26°41'20.25"E,
Pecica-AR,46°10'11.88"N,21°4'11.99"E,
Peciul Nou-TM,45°35'53.78"N,21°2'53.52"E,
Pereni-IS,47°23'2.72"N,27°28'28.01"E,
Perieţi-IL,44°33'55.08"N,27°14'24.30"E,
Perişor-BN,47°18'42.89"N,24°13'45.61"E,
Petrişor-BN,47°18'42.89"N,24°13'45.61"E,
Perişor-N,47°18'42.89"N,24°13'45.61"E,
Pesac-TM,45°59'57.80"N,20°50'7.94"E,
Peştea-TM,,,
Peşteana-HD,45°32'59.64"N,22°49'22.08"E,
Peștera Măgura-BV,45°30'51.95"N,25°16'51.53"E,
Peştera-HD,45°28'22.00"N,22°57'46.00"E,
Peștera-HD,45°28'22.00"N,22°57'46.00"E,
Petia-SV,47°30'35.94"N,26°19'5.52"E,
Petiea-SV,47°30'35.94"N,26°19'5.52"E,
Petid-BH,46°43'2.28"N,22°4'37.24"E,
Petreni-HD,45°47'28.72"N,23°1'25.56"E,
Petreşti-HD,46°0'33.74"N,22°31'18.82"E,
Petreşti-HD,46°0'33.74"N,22°31'18.82"E,
Petrești-HD,46°0'33.74"N,22°31'18.82"E,
Petreștii de Sus-CJ,46°32'50.88"N,23°38'43.14"E,
Petrileni-BH,46°33'19.44"N,22°26'51.72"E,
Petriş-AR,46°2'40.94"N,22°23'19.54"E,
Petroşan-AB,,,
Pianul de sus-SB,45°53'44.74"N,23°29'1.54"E,
Piatra-Neamţ-NT,46°55'39.02"N,26°22'14.69"E,
Picleu-BH,47°8'33.18"N,22°15'41.94"E,
Pietroasa-BH,46°35'30.00"N,22°33'20.00"E,
Pietros-HD,,,
Plaiuri-CJ,46°35'17.17"N,23°34'10.59"E,
Plătăreşti-IF,44°20'45.56"N,26°22'2.17"E,
Plopiş-SJ,47°7'37.92"N,22°39'2.16"E,
Plopu/Murighiol-TL,45°1'19.56"N,29°7'45.84"E,
Poduri-BC,45°52'52.35"N,26°49'18.44"E,
Poenarii Vulpeşti-IF,,,
Poeniţa-Voinii-HD,45°41'43.97"N,22°42'17.48"E,
Pogăneşti-HD,46°3'37.44"N,22°27'36.72"E,
Poiana Blenchii-SJ,47°18'24.10"N,23°44'44.94"E,
Poiana Mare-DJ,43°55'15.30"N,23°3'32.06"E,
Poiana Sibiului-SB,45°48'26.94"N,23°43'36.83"E,
Poiana-BH,46°26'53.83"N,22°34'48.07"E,
Poiana-HD,46°5'11.40"N,23°3'19.43"E,
Poienari/Gurahonț-AR,46°14'22.20"N,22°36'0.36"E,
Poieni-MM,47°49'37.20"N,24°32'52.80"E,
Poieni-SV,47°40'60.00"N,25°53'60.00"E,
Poienii de Sus-BH,46°36'31.13"N,22°31'5.87"E,
Poienile Glodului-MM,47°43'35.32"N,24°4'38.40"E,
Poienile Izei-MM,47°41'59.01"N,24°6'48.05"E,
Poienile Zagrei-BN,47°23'5.39"N,24°15'21.26"E,
Poieni-Solca-SV,47°40'60.00"N,25°53'60.00"E,
Poieniţa Tomii-HD,45°48'0.36"N,22°40'47.28"E,
Poeniţa Tomii-HD,45°48'0.36"N,22°40'47.28"E,
Pojoga-HD,45°59'29.02"N,22°24'13.26"E,
Pojorâta-SV,47°30'59.61"N,25°27'0.35"E,
Polizeşti-Stăncuţa-BR,44°51'24.48"N,27°47'48.12"E,
Polizeşti/Stăncuţa-BR,44°51'24.48"N,27°47'48.12"E,
Pomi-SM,47°41'57.14"N,23°18'12.67"E,
Ponoare-BH,46°53'6.28"N,22°39'23.73"E,
Ponor-HD,45°30'36.52"N,23°7'40.77"E,
Ponorel-AB,46°22'3.99"N,22°58'18.86"E,
Porumbacu-SB,45°43'22.86"N,24°28'12.93"E,
Posmuș-BN,46°58'34.32"N,24°35'31.56"E,
Potcoava-CL,44°15'48.63"N,27°7'43.09"E,
Prăvăleni-HD,46°11'39.86"N,22°32'52.31"E,
Prăveleni-HD,46°11'39.86"N,22°32'52.31"E,
Preajba Mare-GJ,45°3'49.32"N,23°20'58.92"E,
Preajna Nouă-IF,,,
Pria Cizer-SJ,47°2'55.00"N,22°53'25.00"E,
Pria-SJ,47°2'50.54"N,22°53'20.14"E,
Priboeni-AG,44°52'26.66"N,25°5'1.57"E,
Prilipet/Prilipat-CS,44°55'49.80"N,22°3'47.88"E,
Prilipăţ-CS,44°55'49.80"N,22°3'47.88"E,
Prilipăţ-CS,44°55'49.80"N,22°3'47.88"E,
Prilipeț-CS,44°55'49.80"N,22°3'47.88"E,
Prundul Bârgăului-BN,47°13'22.30"N,24°43'27.91"E,
Prundul Bîrgăului-BN,47°13'22.30"N,24°43'27.91"E,
Prungul Bîrgăului-BN,47°13'22.30"N,24°43'27.91"E,
Prunişor-MH,44°36'32.42"N,22°54'54.00"E,
Pui-HD,45°30'50.46"N,23°5'38.12"E,
Purcărete-BN,47°18'33.56"N,24°3'15.96"E,
Putna-CS,44°56'11.49"N,22°10'37.66"E,
Putna-SV,47°52'1.14"N,25°36'35.33"E,
Răcăciuni-BC,46°20'51.16"N,26°56'0.90"E,
Răcari-DB,44°37'26.58"N,25°44'32.60"E,
Răcăşdia-CS,44°59'38.44"N,21°37'32.96"E,
Răchitova-HD,45°36'11.61"N,22°43'59.88"E,
Rădaia-CJ,46°48'5.40"N,23°27'51.48"E,
Ragla/Bistrița-CJ,47°2'13.34"N,24°37'13.66"E,
Râmeț-AB,46°19'13.47"N,23°29'48.12"E,
Ramna-CS,45°26'8.52"N,21°41'22.56"E,
Râpa de Sus-MS,46°57'35.55"N,24°46'7.35"E,
Rapolţel-HD,45°52'49.44"N,23°3'41.76"E,
Răpolţel-HD,45°52'49.44"N,23°3'41.76"E,
Răpoţel-HD,45°52'49.44"N,23°3'41.76"E,
Rapoltu Mare-HD,45°52'0.00"N,23°4'0.00"E,
Rasca-CJ,46°44'37.32"N,23°6'28.08"E,
Râşca-CJ,46°44'37.32"N,23°6'28.08"E,
Râșca-CJ,46°44'37.32"N,23°6'28.08"E,
Râșca-SM,,,
Răşinari-SB,45°41'60.00"N,24°4'0.01"E,
Râșnov-BV,45°35'36.00"N,25°27'37.00"E,
Rșnov-BV,45°35'36.00"N,25°27'37.00"E,
Raşova-GJ,45°2'49.92"N,23°11'0.60"E,
Răspighi/Bogsid-AR,,,
Răstolț-SJ,47°1'48.72"N,23°4'37.56"E,
Rastu-DJ,43°53'2.73"N,23°17'2.40"E,
Răsuceni-GR,44°5'25.40"N,25°40'16.15"E,
Râu de mori-HD,45°30'0.28"N,22°51'0.24"E,
Râu de Mori-HD,45°30'0.28"N,22°51'0.24"E,
Rîu de Mori-HD,45°30'0.28"N,22°51'0.24"E,
Rîu Mic-HD,,,
Răvăştur-TM,,,
Rebrişoara-BN,47°17'4.18"N,24°27'0.95"E,
Recea Mare-SJ,47°11'46.37"N,22°56'45.35"E,
Recia-SM,47°37'57.87"N,23°30'13.42"E,
Reciu/Gârbova-AB,45°52'1.13"N,23°40'29.94"E,
Remetea-Pogănici-CS,45°30'35.64"N,21°52'31.08"E,
Rengheţ-HD,45°57'20.50"N,23°8'33.30"E,
Resita Romana-CS,45°17'31.23"N,21°53'40.88"E,
Reșița-CS,45°18'0.23"N,21°53'25.52"E,
Retiş/Ceahlău-NT,,,
Retişul-SB,46°2'34.05"N,24°51'6.30"E,
Retişu-SB,46°2'34.05"N,24°51'6.30"E,
Retișul/Agnita-SB,46°2'34.05"N,24°51'6.30"E,
Riceşti-MS,,,
Rîciu-Nima-MS,46°42'13.48"N,24°26'36.94"E,
Rieni-BH,46°34'31.04"N,22°26'49.61"E,
Rişca-CJ,46°44'37.32"N,23°6'28.08"E,
Rişca-Oniceşti-CJ,46°44'37.32"N,23°6'28.08"E,
Rodna-BN,47°25'18.00"N,24°48'44.00"E,
Rogoz-BH,46°47'25.62"N,22°10'7.48"E,
Rogoz-MM,47°28'3.00"N,23°55'55.56"E,
Rohia-MM,47°24'26.62"N,23°51'15.00"E,
Roit-BH,46°58'54.48"N,21°42'33.84"E,
Românaş-CJ,47°6'47.88"N,23°10'54.12"E,
Româneşti-SV,47°46'43.32"N,26°4'44.76"E,
Romos-HD,45°50'25.46"N,23°16'35.07"E,
Romoşel-HD,45°48'17.44"N,23°18'58.61"E,
Romuli-BN,47°31'55.23"N,24°26'46.52"E,
Roseți-CL,44°12'39.44"N,27°26'50.43"E,
Roșia de Secaș-HD,46°2'32.59"N,23°50'37.10"E,
Roşia Montană-AB,46°18'25.36"N,23°7'47.79"E,
Rotopănești-SV,47°30'28.56"N,26°10'58.87"E,
Rozavlea-MM,47°44'26.82"N,24°12'53.68"E,
Rucăr-AG,45°23'15.00"N,25°10'15.00"E,
Ruda-HD,45°41'52.44"N,22°44'51.00"E,
Rudăria-CS,44°52'43.57"N,22°5'39.32"E,
Ruginoasa-CJ,46°56'0.83"N,23°16'10.28"E,
Runcu Mare-HD,45°44'35.52"N,22°38'22.56"E,
Runcu-GJ,45°7'5.10"N,23°8'46.13"E,
Runcul Mic-HD,45°50'13.54"N,22°43'44.99"E,
Runcu Mic-HD,45°50'13.54"N,22°43'44.99"E,
Rusciori-OT,44°37'10.77"N,24°31'23.41"E,
Rusii Poieni-SV,,,
Rusii-Manastioara-SV,47°35'8.44"N,26°23'19.96"E,
Ruși-Mănăstioarei-SV,47°35'8.44"N,26°23'19.96"E,
Ruşii Mănăstioara-SV,47°35'8.44"N,26°23'19.96"E,
Ruşii-Mănăstioara-SV,47°35'8.44"N,26°23'19.96"E,
Ruşii-Mănăstioarei-SV,47°35'8.44"N,26°23'19.96"E,
Rușii-Mănăstioarei-SV,47°35'8.44"N,26°23'19.96"E,
Rus-Plavar/Rus-Plavalar-SV,47°34'13.27"N,26°22'22.18"E,
Rus-Poieni-SV,47°36'52.21"N,23°40'41.58"E,
Ruşii-Poieni-SV,47°36'52.21"N,23°40'41.58"E,
Rusu Bîrgăului-BN,47°11'51.36"N,24°38'21.84"E,
Rusu-Bârgăului-BN,47°11'51.36"N,24°38'21.84"E,
Săbolciu-BH,47°4'27.84"N,22°9'9.36"E,
Săcădat-BH,47°3'0.46"N,22°9'13.90"E,
Săcălăşeni-MM,47°34'60.00"N,23°34'0.00"E,
Săcalu de Pădure-MM,,,
Săcalu de Pădure-MS,46°53'6.00"N,24°42'48.96"E,
Săcămaş-HD,45°55'10.56"N,22°40'24.96"E,
Săcăreşti/Cucuteni-IS,47°15'23.76"N,26°56'17.87"E,
Săcel-MM,47°37'57.25"N,24°26'25.08"E,
Săcele-MM,47°37'57.25"N,24°26'25.08"E,
Săcel-BV,45°37'12.00"N,25°42'35.00"E,
Săcuieni-CJ,46°49'23.87"N,22°53'17.53"E,
Sadu-SB,45°40'10.68"N,24°10'44.93"E,
Săgeata-BZ,45°6'0.72"N,26°58'58.26"E,
Sălbociu-BH,47°4'27.84"N,22°9'9.37"E,
Sălcuţa-CJ,,,
Sălcuța-CJ,,,
Sălcuţa/Beclean-CJ,,,
Săldăbagiu Mic-BH,46°44'19.31"N,22°9'14.88"E,
Sălicea Hăjdate-CJ,46°40'32.52"N,23°31'30.00"E,
Săliște Hăjdate-CJ,46°40'32.52"N,23°31'30.00"E,
Sălişte-SB,45°47'39.05"N,23°53'11.01"E,
Săliștea de Sus-MM,47°39'0.00"N,24°21'0.00"E,
Săliște-MM,47°39'0.00"N,24°21'0.00"E,
Salistea Hajdate-CJ,46°39'3.96"N,23°35'3.48"E,
Salva-BN,47°4'3.62"N,24°22'14.17"E,
Salva-CJ,,,
Sâmbăşag-BH,,,
Sat Sâmbăşag-BH,,,
Sambata de Sus-BV,45°45'45.19"N,24°49'28.86"E,
Sâmbăta de sus-BV,45°45'45.19"N,24°49'28.86"E,
Sâmbăta de Sus-BV,45°45'45.19"N,24°49'28.86"E,
Sâmbăta de Sus-BV,45°45'45.19"N,24°49'28.86"E,
Sâmbăteni-AR,46°8'27.97"N,21°31'37.19"E,
Sâncel-AB,46°11'59.73"N,23°57'11.69"E,
Sancraiu-CJ,46°49'47.00"N,22°59'18.00"E,
Sanmarghita-CJ,47°9'23.40"N,23°59'40.56"E,
San-Martin-BH,47°0'13.91"N,21°58'32.36"E,
Sân-Martin-BH,47°0'13.91"N,21°58'32.36"E,
Sân-Mărtin-BH,47°0'13.91"N,21°58'32.36"E,
Sânmartin-BH,47°0'13.91"N,21°58'32.36"E,
Sânmiclăuşul Mare-TM,,,
Sânmiclăuşul mare-TM,,,
Sânmiclăușul Mare-TM,,,
Sânniclăuşul Mare-TM,,,
Sânmărghita-CJ,47°9'21.92"N,23°59'38.23"E,
Sănija-HD,,,
Sanovita-TM,21°58'32.36"E,21°43'42.24"E,
Şanoviţa-TM,21°58'32.36"E,21°43'42.24"E,
Şanoviţa-M,21°58'32.36"E,21°43'42.24"E,
Sant-BN,21°43'42.24"E,21°43'42.24"E,
Şanţ-BN,21°43'42.24"E,21°43'42.24"E,
Șanț-BN,21°43'42.24"E,21°43'42.24"E,
Santandrei-BH,47°4'1.40"N,21°51'6.41"E,
Sânt Andrei-BH,47°4'1.40"N,21°51'6.41"E,
Sântandrei-BH,47°4'1.40"N,21°51'6.41"E,
Santandrei-HD,45°50'44.16"N,22°58'9.12"E,
Sântandrei-HD,45°50'44.16"N,22°58'9.12"E,
Santelnic/Santelic/Santelec-BH,46°57'29.52"N,22°3'52.92"E,
Sântelic-BH,46°57'29.52"N,22°3'52.92"E,
Sântelnic-BH,46°57'29.52"N,22°3'52.92"E,
Săpânța-MM,47°58'19.20"N,23°41'49.20"E,
Sarafola/Saravale-TM,46°4'13.00"N,20°44'14.00"E,
Sarasău-MM,47°57'32.31"N,23°48'54.15"E,
Sarăsău-MM,47°57'32.31"N,23°48'54.15"E,
Sarbi-BC,46°13'41.70"N,27°19'54.74"E,
Sârbi-BC,46°13'41.70"N,27°19'54.74"E,
Sârbi-BC,46°13'41.70"N,27°19'54.74"E,
Sarbi-HD,45°57'40.00"N,22°42'19.00"E,
Sârbi-HD,45°57'40.00"N,22°42'19.00"E,
Sîrbi-HD,45°57'40.00"N,22°42'19.00"E,
Sarbi-MM,47°35'36.73"N,23°20'31.49"E
Sârbi-MM,47°35'36.73"N,23°20'31.49"E
Sârbi/Budeşti-MM,47°35'36.73"N,23°20'31.49"E
Sârbova-TM,45°42'0.36"N,21°33'45.00"E,
Sasca Montană-CS,44°53'13.20"N,21°42'33.48"E,
Sasca-CS,44°54'8.00"N,21°43'21.86"E,
Sasciori-AB,45°49'22.99"N,23°33'32.94"E,
Săsciori-AB,45°49'22.99"N,23°33'32.94"E,
Sascut-BC,46°12'25.37"N,27°6'3.30"E,
Saşi-SB,,,
Sat Bumbeşti-TLov,45°10'40.3"N,23°23'03.0"E,
Sasnires,,,
Satu Mic-TM,45°38'26.69"N,21°53'50.90"E,
Satul Mare-SV,47°49'53.04"N,26°0'8.64"E,
Satul-Mare-SV,47°49'53.04"N,26°0'8.64"E,
Săvârşin-AR,46°1'0.01"N,22°14'0.01"E,
Săvărşia-AR,46°1'0.01"N,22°14'0.01"E,
Săvârşia-AR,46°1'0.01"N,22°14'0.01"E,
Săvărşin-AR,46°1'0.01"N,22°14'0.01"E,
Săvârșin-AR,46°1'0.01"N,22°14'0.01"E,
Săvărşiu-AR,46°1'0.01"N,22°14'0.01"E,
Săvîrşin-AR,46°1'0.01"N,22°14'0.01"E,
Savasău-MM,,,
Savăsău-MM,,,
Savinesti-NT,46°51'36.68"N,26°28'7.07"E,
Săvineşti-NT,46°51'36.68"N,26°28'7.07"E,
Scânteia-IL,44°44'19.70"N,27°28'10.88"E,
Schei-BV,,,
Şchei-BV,,,
Scheia-SV,47°38'60.00"N,26°12'59.99"E,
Şcheia-SV,47°38'60.00"N,26°12'59.99"E,
Şchia-SV,47°38'60.00"N,26°12'59.99"E,
Șchiopi-CJ,46°34'13.94"N,23°35'25.19"E,
Scorei-SB,45°45'36.72"N,24°31'51.96"E,
Scorniceşti-OT,44°34'12.00"N,24°33'0.00"E,
Scornicești-OT,44°34'12.00"N,24°33'0.00"E,
Scorțeni-BC,46°33'2.75"N,26°39'38.65"E,
Seaca-TL,43°44'60.00"N,25°4'0.00"E,
Sebis-BH,46°37'9.00"N,22°25'56.42"E,
Sebiş-BH,46°37'9.00"N,22°25'56.42"E,
Şebis-BH,46°37'9.00"N,22°25'56.42"E,
Şebiş-BH,46°37'9.00"N,22°25'56.42"E,
Secatura-BH,47°3'0.00"N,22°40'60.00"E,
Secătura-BH,47°3'0.00"N,22°40'60.00"E,
Seceani-TM,45°58'37.56"N,21°19'2.64"E,
Secu/Buhalniţa-NT,46°58'18.93"N,26°2'17.40"E,47°1'8.88"N,26°5'20.99"E
Segarcea-DJ,44°5'40.40"N,23°44'35.33"E,
Seghiște-BH,46°32'19.33"N,22°29'23.66"E,
Şeheia-SV,47°39'0.86"N,26°13'4.69"E,
Şeica Mare-SB,45°53'23.54"N,24°28'44.03"E,
Seimanii Mari-CT,44°21'7.03"N,28°6'0.34"E,
Şendroaia-BN ,47°26'24.81"N,24°10'42.86"E,
Șerbăuți-SV,47°49'31.61"N,26°8'25.71"E,
Seredei-SJ,47°6'36.72"N,22°57'6.14"E,
Sf. Ilie-SV,47°38'7.97"N,26°12'34.48"E,
Sf-Onofrei-Bcv,,,
Sfăraş-SJ,46°54'5.87"N,23°5'51.55"E,
Sibiel-SB,45°45'53.58"N,23°54'23.83"E,
Şibiş-BH,,,
Șieu-MM,47°43'21.06"N,24°12'53.20"E,
Sighet-MM,47°55'29.79"N,23°53'19.23"E,
Sighişoara-MS,46°13'0.99"N,24°47'28.01"E,
Sighiștel-BH,45°30'0.01"N,27°7'0.00"E,
Sihlea-VR,45°30'0.01"N,27°6'60.00"E,
Sinăuţii-de-Jos-Bcv,48°0'24.00"N,26°7'46.00"E,
Sînnicolau Mare-TM,46°4'20.07"N,20°37'46.08"E,
Sânnicolau Mare-TM,46°4'20.07"N,20°37'46.08"E,
Sinnicolaul Roman-BH,46°57'43.46"N,21°42'59.59"E,
Sânnicolaul Român-BH,46°57'43.46"N,21°42'59.59"E,
Sîntana-AR,46°21'6.22"N,21°29'59.43"E,
Şintereag-BN,47°10'60.00"N,24°18'0.00"E,
Șipoteni-BC,,,
Siret-SV,47°57'11.00"N,26°4'21.00"E,
Șiria-AR,46°16'0.00"N,21°37'60.00"E,
Şiştarovăţ-AR,46°0'39.97"N,21°44'23.74"E,
Sita-BN,47°18'57.14"N,24°11'0.42"E,
Sititelic-BH,46°52'36.12"N,21°54'7.92"E,
Slatina-CS,45°15'33.91"N,22°16'56.00"E,
Slatina/Nucşoara-AG,45°21'26.28"N,24°48'12.96"E,
Slătioara-MM,47°45'6.84"N,24°5'23.28"E,
Slobozia Mielului-BC,,,
Slobozia-Mielului-BC,,,
Smârdan-BZ,44°52'41.86"N,26°50'23.87"E,
Socolul de Câmpie-MS,46°47'29.04"N,24°30'56.88"E,
Sohodol-AB,46°19'29.79"N,23°0'14.70"E,
Soimeni-CJ,46°57'30.60"N,23°32'0.22"E,
Șoimeni-CJ,46°57'30.60"N,23°32'0.22"E,
Şoimi-BH,46°38'11.12"N,22°8'29.06"E,
Şoimuş-HD,45°55'7.09"N,22°53'14.76"E
Solca-SV,47°42'9.00"N,25°49'54.00"E,
Soloneţ-SV,47°38'57.44"N,25°54'12.44"E,
Soloneț-SV,47°38'57.44"N,25°54'12.44"E,
Someşeni-CJ,46°46'59.99"N,23°40'59.95"E,
Someşul Rece-CJ,46°43'57.64"N,23°21'55.88"E,
Somova-TL,45°10'59.65"N,28°39'52.89"E,
Șopotu Vechi-CS,44°51'37.23"N,22°0'14.56"E,
Sovăsău-MM,,,
Soveja-VN,46°0'0.01"N,26°38'59.99"E,
Spermezeu-BN,47°17'60.00"N,24°8'60.00"E,
Spulber-VN,45°45'0.29"N,26°44'56.50"E,
Srardot/Sederhat-AR,46°12'50.40"N,21°9'24.84"E,
Stânca-Roşii-Bcv,,,
Stanca/Stăncuţa-BR,,,
Stancesti-HD,45°52'43.53"N,22°38'52.21"E,
Stănceşti-HD,45°52'43.53"N,22°38'52.21"E,
Stânceşti-HD,45°52'43.53"N,22°38'52.21"E,
Stâncești-HD,45°52'43.53"N,22°38'52.21"E,
Stînceşti-HD,45°52'43.53"N,22°38'52.21"E,
Stînceneşti-HD,45°52'43.53"N,22°38'52.21"E,
Stânceneşti-Ohaba-HD,45°52'36.84"N,22°40'22.46"E,
Stînceşti-Ohaba-HD,45°52'36.84"N,22°40'22.46"E,
Stâncești-Ohaba-HD,45°52'36.84"N,22°40'22.46"E,
Stancuta-BR,44°54'0.00"N,27°49'60.00"E,
Stăneştii-de-Jos-Bcv,48°17'50.94"N,25°33'13.46"E,
Stănija-HD,46°10'23.88"N,22°59'4.92"E,
Star Chiajd-PH,45°19'22.08"N,26°11'17.15"E,
Ștefănești-VL,44°37'3.65"N,24°13'4.81"E,
Ştefăneşti/Drăgăşani-VL,44°37'3.65"N,24°13'4.81"E,
Ştei-HD,45°34'45.80"N,22°44'1.21"E,
Storojineţ-Bcv,48°9'50.63"N,25°43'51.43"E,
Storojineț-Bcv,48°9'50.63"N,25°43'51.43"E,
Straja-BC,46°26'34.08"N,26°21'19.44"E,
Straja-CJ,46°48'26.28"N,23°17'42.72"E,
Straja-SV,47°55'11.99"N,25°32'59.99"E,
Straja/Streja-SB,,,
Strei-HD,45°42'57.00"N,22°59'36.00"E,
Streiuţ-AB,,,
Stremţ-AB,46°15'30.57"N,23°35'57.00"E,
Stroieşti-SV,47°36'59.99"N,26°7'59.96"E,
Stulpicani-SV,47°28'0.46"N,25°46'1.71"E,
Stupca-SV,47°33'57.67"N,26°8'8.44"E,
Suceagu-CJ,46°47'3.48"N,23°27'54.36"E,
Suceava-SV,47°39'5.00"N,26°15'20.00"E,
Suceveni-Bcv,48°3'47.95"N,25°54'54.94"E,
Suceviţa-SV,47°46'45.78"N,25°42'53.16"E,
Suciu de Sus-MM,47°25'60.00"N,24°1'60.00"E,
Şugatag-MM,47°47'55.71"N,23°54'48.56"E,
Sugeag-CJ,46°47'3.52"N,23°27'48.37"E,
Șuica-OT,44°37'7.32"N,24°34'9.84"E,
Șuica-OT,44°37'7.32"N,24°34'9.84"E,
Şuletea-VS,46°17'11.05"N,27°54'49.84"E,
Sulpai-BN,47°26'17.52"N,24°15'26.64"E,
Supurul de Sus-SM,47°25'25.13"N,22°50'21.52"E,
Surdeşti-MM,47°36'22.00"N,23°45'44.00"E,
Șușca-CS,44°47'4.20"N,21°31'52.68"E,
Șuștiu-BH,46°30'1.08"N,22°27'28.44"E,
Șuțești-BR,45°13'37.31"N,27°26'22.94"E,
Tagadau-AR,46°30'32.00"N,22°0'14.62"E,
Tăgădău-BH,46°30'32.00"N,22°0'14.62"E,
Tălmăcel-SB,45°38'49.56"N,24°14'33.72"E,
Tămaia-SM,47°35'36.60"N,23°21'48.24"E,
Tamaşeşti-HD,45°58'6.61"N,22°27'53.43"E,
Tămăşeşti-HD,45°58'6.61"N,22°27'53.43"E,
Tampa-HD,45°49'14.88"N,23°0'37.45"E,
Tâmpa-HD,45°49'14.88"N,23°0'37.45"E,
T]mpa-HD,45°49'14.88"N,23°0'37.45"E,
Tîmpa-HD,45°49'14.88"N,23°0'37.45"E,
Tantari-BV,,,
Ţânţari-BV,,,
Târgovişte-DB,44°55'27.11"N,25°27'24.09"E,
Targu Ocna-BC,46°16'48.08"N,26°37'11.83"E,
Târliţua-BN,47°22'45.07"N,24°10'29.49"E,
Târlişua-BN,47°22'45.07"N,24°10'29.49"E,
Târlișua-BN,47°22'45.07"N,24°10'29.49"E,
Târna Mare-SM,48°5'29.55"N,23°11'45.47"E,
Târnava Mare-SB,46°10'35.16"N,24°23'20.81"E,
Tarnița-HD,46°10'41.02"N,23°3'16.74"E,
Târnova-CS,45°20'20.68"N,22°0'0.03"E,
Târşolţ-SM,47°57'0.00"N,23°20'60.00"E,
Târșolț-SM,47°57'0.00"N,23°20'60.00"E,
Tărtăria-AB,45°53'47.36"N,23°24'24.38"E,
Tăşad-BH,46°56'15.37"N,22°7'30.86"E,
Tătăreşti-HD,45°56'40.13"N,22°30'38.15"E,
Tătăruș-HD,,,
Tătăruși-IS,47°20'60.00"N,26°34'60.00"E,
Tăuni/Valea Lungă-AB,46°9'2.52"N,24°7'53.76"E,
Taure-BN,47°12'23.04"N,24°19'17.76"E,
Tăuții de Jos-MM,,,
Tăuţu Ampoiului-AB,46°5'48.42"N,23°28'0.58"E,
Țebea-HD,46°9'56.22"N,22°43'41.87"E,
Techeru-HD,46°5'32.77"N,23°4'8.80"E,
Teiuș-OT,44°38'8.16"N,24°31'30.00"E,
Telciu-BN,47°25'59.98"N,24°23'59.96"E,
Teleac-BH,46°39'41.40"N,22°25'49.80"E,
Teleajeni-PH,44°49'16.08"N,26°13'21.63"E,
Teodoreşti-SV,,,
Teodoreşti-Bcv,,,
Tereblecea-Bcv,48°1'27.00"N,26°3'40.00"E,
Teregova-CS,45°9'0.01"N,22°17'0.03"E,
Tescani-BC,46°30'31.68"N,26°39'28.80"E,
Ticvaniu Mare-CS,45°8'25.80"N,21°38'27.96"E,
Ticvanul Mare-CS,45°8'25.80"N,21°38'27.96"E,
Ticvaniu Mic-CS,45°6'56.93"N,21°39'5.74"E,
Tigvanul Mare-TM,,,
Timişoara-TM,45°45'35.00"N,21°13'48.00"E,
Tinosu-PH,44°49'0.00"N,26°1'0.00"E,
Tisăuţi-SV,47°37'28.92"N,26°18'41.76"E,
Tişăuţi-SV,47°37'28.92"N,26°18'41.76"E,
Tișăuți-SV,47°37'28.92"N,26°18'41.76"E,
Titești-VL,45°25'9.31"N,24°23'27.95"E,
Toboliu-BH,47°2'29.43"N,21°43'13.72"E,
Toc-AR,46°0'23.03"N,22°19'9.70"E,
Todal-MS,46°42'18.36"N,24°34'53.40"E,
Tolvădia-TM,45°23'10.50"N,21°2'6.10"E,
Tomeşti-TM,45°46'58.74"N,22°18'37.12"E,
Topa de Criș-BH,47°0'7.56"N,22°32'0.24"E,
Topa-CJ,46°56'10.32"N,23°23'13.92"E,
Topa-Sîncrai-CJ,46°56'10.32"N,23°23'13.92"E,
Topliţa-HD,45°41'13.12"N,22°47'16.44"E,
Topliţa-MS,46°55'25.00"N,25°20'45.00"E,
Totia-HD,45°48'42.89"N,23°3'3.35"E,
Totia/Băcia-HD,45°48'42.89"N,23°3'3.35"E,
Totoi-AB,46°6'53.64"N,23°39'27.36"E,
Traian-BR,45°11'9.80"N,27°43'55.20"E,
Trăiaş-AR,,,
Trăisteni-PH,45°20'18.96"N,25°43'39.72"E,
Trestieni-PH,45°20'18.96"N,25°43'39.72"E,s
Traniș-CJ,46°51'26.02"N,22°50'9.11"E,
Trestia-HD,46°1'26.04"N,22°56'0.96"E,
Tritul de jos-CJ,,,
Tudora-BT,47°30'60.00"N,26°37'60.00"E,
Tulca-BH,46°46'60.00"N,21°46'60.00"E,
Tulnici-VN,45°55'11.06"N,26°40'16.80"E,
Tunari-IF,44°32'49.92"N,26°8'28.68"E,
Turbancea-GJ,,,
Turburea-GJ,44°43'0.00"N,23°31'0.00"E,
Turda-CJ,46°33'52.83"N,23°47'49.58"E,
Turdaş-HD,45°51'11.80"N,23°7'22.15"E,
Turea-CJ,46°51'3.96"N,23°21'12.24"E,
Turnu-Măgurele-TL,43°45'6.00"N,24°52'15.00"E,
Turţ-SM,47°58'60.00"N,23°13'0.00"E,
Tusinu-MS,46°43'59.88"N,24°13'39.36"E,
Uideşti-SV,47°34'0.01"N,26°25'0.01"E,
Uidești-SV,47°34'0.01"N,26°25'0.01"E,
Ungureni-CJ,,,
Uric-HD,45°27'48.18"N,23°5'1.94"E,
Urisiu de Sus-MS,46°42'22.32"N,24°54'39.96"E,
Urisiu de sus-MS,46°42'22.32"N,24°54'39.96"E,
Urişiu de Sus-MS,46°42'22.32"N,24°54'39.96"E,
Urișiu de Sus-MS,46°42'22.32"N,24°54'39.96"E,
Urisiul de Sus-MS,46°42'22.32"N,24°54'39.96"E,
Ursad-BH,46°40'53.76"N,22°5'30.84"E,
Urviş-BH,46°41'35.68"N,22°9'42.35"E,
Vaca-HD,,,
Vădăstrița-OT,43°51'0.00"N,24°19'60.00"E,
Vadu Izei-MM,47°53'22.90"N,23°55'51.95"E,
Vaidei-HD,45°52'2.28"N,23°18'2.86"E,
Vălcani-TM,46°0'13.65"N,20°24'5.12"E,
Valcele-CJ,46°41'50.29"N,23°39'28.34"E,
Vîlcele-CJ,46°41'50.29"N,23°39'28.34"E,
Valea Arinilor-BC,46°29'56.04"N,26°30'41.04"E,
Valea Bradului-HD,46°9'5.04"N,22°49'43.68"E,
Valea Crișului-BH,46°57'3.60"N,22°38'37.32"E,
Valea de Jos-BH,46°34'19.56"N,22°29'10.68"E,
Valea Drăganului-CJ,46°53'49.94"N,22°49'45.75"E,
Valea Drăganului-CJ,46°53'49.94"N,22°49'45.75"E,
Valea lui Ion-BC,46°41'33.00"N,26°39'12.60"E,
Valea Lupului-HD,45°28'18.12"N,23°7'34.68"E,
Valea Mare-BC,46°43'26.76"N,27°7'8.40"E,
Valea Nucarilor-TL,45°2'33.02"N,28°56'23.64"E,
Valea Poienii-HD,46°4'10.56"N,22°38'19.32"E,
Valea Popii-AG,44°51'49.35"N,25°5'1.26"E,
Valea-Putnei-SV,47°29'6.36"N,25°22'28.20"E,
Valea Seacă-SV,47°17'27.59"N,26°39'56.79"E,
Valea Teancului-BZ,45°12'9.89"N,26°42'14.57"E,
Văleni-HD,45°59'0.78"N,23°13'12.06"E,
Văleni-MM,47°47'7.34"N,24°1'8.11"E,
Văleni/Baia de Criș-HD,46°10'21.62"N,22°42'47.49"E,
Văleni/Budești-MM,47°43'52.46"N,23°56'40.88"E,
Vălişoara-HD,46°2'60.00"N,22°49'59.88"E,
Vama-SV,47°33'38.31"N,25°41'16.79"E,
Vărădia-CS,45°4'54.12"N,21°32'32.43"E,
Vărădia-TM,,,
Vârciorog-BH,46°58'15.73"N,22°16'44.29"E,
Vîrciorova-CS,45°30'56.17"N,21°53'42.89"E,
Vaşcău-BH,46°28'47.00"N,22°28'47.00"E,
Vaşcu-BH,46°28'47.00"N,22°28'47.00"E,
Vascău-Selişte-BH,46°28'17.7"N,22°28'29.3"E,
Vaşcău-Selişte-BH,46°28'17.7"N,22°28'29.3"E,
Văsiești-BC,,,
Vatra-Boianului-Bcv,,,
Vatra-Dornei-SV,47°20'46.01"N,25°21'34.00"E,
Vatra Moldoviţei-SV,47°39'9.00"N,25°34'23.16"E,
Vatra-Moldaviței-SV,47°39'9.00"N,25°34'23.16"E,
Vatra-Moldoviţei-SV,47°39'9.00"N,25°34'23.16"E,
Versăști-BC,46°26'44.87"N,26°41'42.68"E,
Veţel-HD,45°54'4.91"N,22°48'4.25"E,
Vicovul-de-Jos-SV,47°54'0.48"N,25°43'59.00"E,
Vicovul-de-Jos-SV,47°54'0.48"N,25°43'59.00"E,
Vicovul-de-Sus-SV,46°31'45.40"N,26°33'38.09"E,
Victoria-BR,44°48'18.43"N,27°36'55.67"E,
Vidra de Mijloc-AB,,,
Vidra de Sus-AB,46°22'0.95"N,22°53'2.06"E,
Vinerea-AB,45°53'9.96"N,23°21'10.81"E,
Vinetere-BH,46°46'1.86"N,22°8'55.48"E,
Vintere-BH,46°46'1.86"N,22°8'55.48"E,
Vingard-AB,46°0'55.00"N,23°44'26.00"E,
Vingrad-AB,46°0'55.00"N,23°44'26.00"E,
Vintileasca Neculele-VR,45°37'40.44"N,26°42'43.20"E,
Vintileasa Neculele-BZ,45°37'40.44"N,26°42'43.20"E,
Vintileasa-Neculele-VR,45°37'40.44"N,26°42'43.20"E,
Vintileasca-VR,45°37'2.66"N,26°41'55.16"E,
Vintileasa-BZ,45°36'25.38"N,26°42'11.59"E,
Vintileasa/Neculele-BZ,45°37'34.59"N,26°42'48.03"E,
Vințul de jos-AB,46°1'33.20"N,23°27'28.55"E,
Vişag-TM,45°59'16.36"N,22°31'57.81"E,
Vișca-HD,47°1'56.34"N,23°40'47.42"E,
Viseu de Mijloc-MM,47°43'19.86"N,24°22'43.79"E,
Vișeu de Mijloc-MM,47°43'19.86"N,24°22'43.79"E,
Vișeul de Mijloc-MM,47°43'19.86"N,24°22'43.79"E,
Vișeu de Jos-MM,46°1'6.72"N,24°39'34.54"E,
Vișeul de Jos-MM,46°1'6.72"N,24°39'34.54"E,
Vişăul-de-Jos-MM,46°1'6.72"N,24°39'34.54"E,
Vişăul-de-jos-MM,46°1'6.72"N,24°39'34.54"E,
Viştea de Jos-BV,45°42'27.69"N,24°45'18.86"E,
Vistişoara-BV,47°18'31.34"N,27°10'9.83"E,
Vlădeni-IS,47°24'59.55"N,27°20'0.08"E,
Vladimirești-GL,,,
Voiceşti-VL,44°36'46.59"N,24°17'26.91"E,
Voiniceni-MS,46°36'49.32"N,24°31'30.00"E,
Voinişeni-MS,46°36'49.32"N,24°31'30.00"E,
Voiteni-TM,45°28'32.60"N,21°13'25.54"E,
Voitinel-SV,47°52'58.94"N,25°45'54.61"E,
Voivozi-BH,47°12'56.17"N,22°23'24.77"E,
Volaca-Bcv,,,
Volcineţ-Bcv,48°0'18.01"N,25°56'13.00"E,
Volcineț-Bcv,48°0'18.01"N,25°56'13.00"E,
Volcineţi-Bcv,48°0'18.01"N,25°56'13.00"E,
Voloca-Bcv,48°10'19.14"N,25°55'51.22"E,
Volovăţ-SV,47°48'58.28"N,25°53'59.79"E,
Volovăț-SV,47°48'58.28"N,25°53'59.79"E,
Voroneț-SV,47°31'1.46"N,25°51'51.00"E,
Vrisiu de Sus-MS,,,
Vultureşti-AG,45°3'59.66"N,25°5'3.31"E,
Vurpăr-SB,45°53'48.00"N,24°20'36.00"E,
Zăbala-CV,45°53'15.73"N,26°11'23.24"E,
Zagon-CV,45°46'0.61"N,26°6'59.32"E,
Zagra-BN,47°24'8.26"N,24°15'56.46"E,
Zahareşti-SV,47°35'27.59"N,26°9'8.25"E,
Zahareşti-SV,47°35'27.59"N,26°9'8.25"E,
Zăhăreşti-SV,47°35'27.59"N,26°9'8.25"E,
Zam-HD,46°0'3.10"N,22°26'36.78"E,
Zam-Sîncrai-CJ,46°49'47.63"N,22°59'18.29"E,
Zaplazi-BZ,45°24'9.95"N,26°58'25.76"E,
Zăvoieni-BH,46°49'15.51"N,22°11'41.81"E,
Zboghiteşti-AG,45°19'55.92"N,24°48'24.11"E,
Zerveşti-CS,45°24'24.48"N,22°17'32.64"E,
Zlaști-HD,45°44'50.75"N,22°53'11.72"E,
Zlătărei-VL,44°37'50.16"N,24°15'28.44"E,
Zlatna-AB,46°7'58.30"N,23°11'42.36"E,
Zorlențu Mare-CS,45°27'22.07"N,21°57'27.29"E,